2026-04-05 11:58:23,872 - crawler - INFO - 开始爬取，关键词：黑丝美女, 数量：30
2026-04-05 11:58:25,301 - crawler - INFO - 访问搜索页面：https://www.xiaohongshu.com/search_result?keyword=黑丝美女&source=web_explore_feed
2026-04-05 11:58:31,854 - crawler - INFO - 已保存初始截图
2026-04-05 11:58:31,855 - crawler - INFO - 提取初始笔记列表...
2026-04-05 11:58:31,862 - crawler - INFO - 初始页面找到 28 篇笔记
2026-04-05 11:58:31,863 - crawler - INFO - 爬取笔记 1/30: 69b23ef9000000002603f71d
2026-04-05 11:58:39,733 - crawler - WARNING - 无法获取笔记详情：69b23ef9000000002603f71d
2026-04-05 11:58:41,757 - crawler - INFO - 爬取笔记 2/30: 69380d08000000001e0391f3
2026-04-05 11:58:49,433 - crawler - WARNING - 无法获取笔记详情：69380d08000000001e0391f3
2026-04-05 11:58:51,447 - crawler - INFO - 爬取笔记 3/30: 6918a9b80000000004007d5b
2026-04-05 11:58:59,326 - crawler - ERROR - 获取笔记详情失败：Page.evaluate: Cannot serialize result: object reference chain is too long.
2026-04-05 11:58:59,327 - crawler - WARNING - 无法获取笔记详情：6918a9b80000000004007d5b
2026-04-05 11:59:01,338 - crawler - INFO - 爬取笔记 4/30: 681d46fa000000002202566f
2026-04-05 11:59:09,183 - crawler - ERROR - 获取笔记详情失败：Page.evaluate: Cannot serialize result: object reference chain is too long.
2026-04-05 11:59:09,183 - crawler - WARNING - 无法获取笔记详情：681d46fa000000002202566f
2026-04-05 11:59:11,204 - crawler - INFO - 爬取笔记 5/30: 690b15ec00000000040069fc
2026-04-05 11:59:19,217 - crawler - ERROR - 获取笔记详情失败：Page.evaluate: Cannot serialize result: object reference chain is too long.
2026-04-05 11:59:19,217 - crawler - WARNING - 无法获取笔记详情：690b15ec00000000040069fc
2026-04-05 11:59:21,227 - crawler - INFO - 爬取笔记 6/30: 69b283de0000000028008e06
2026-04-05 11:59:29,104 - crawler - ERROR - 获取笔记详情失败：Page.evaluate: Cannot serialize result: object reference chain is too long.
2026-04-05 11:59:29,104 - crawler - WARNING - 无法获取笔记详情：69b283de0000000028008e06
2026-04-05 11:59:31,132 - crawler - INFO - 爬取笔记 7/30: 69c2c033000000001a0221d1
2026-04-05 11:59:39,031 - crawler - ERROR - 获取笔记详情失败：Page.evaluate: Cannot serialize result: object reference chain is too long.
2026-04-05 11:59:39,031 - crawler - WARNING - 无法获取笔记详情：69c2c033000000001a0221d1
2026-04-05 11:59:41,046 - crawler - INFO - 爬取笔记 8/30: 69bbcc96000000002200cb35
2026-04-05 12:01:20,494 - crawler - INFO - 开始爬取，关键词：黑丝, 数量：30
2026-04-05 12:01:21,410 - crawler - INFO - 访问搜索页面：https://www.xiaohongshu.com/search_result?keyword=黑丝&source=web_explore_feed
2026-04-05 12:01:28,174 - crawler - INFO - 已保存初始截图
2026-04-05 12:01:28,175 - crawler - INFO - 提取初始笔记列表...
2026-04-05 12:01:28,183 - crawler - INFO - 初始页面找到 28 篇笔记
2026-04-05 12:01:28,184 - crawler - INFO - 爬取笔记 1/30: 69b23ef9000000002603f71d
2026-04-05 12:01:36,379 - crawler - WARNING - 无法获取笔记详情：69b23ef9000000002603f71d
2026-04-05 12:01:38,420 - crawler - INFO - 爬取笔记 2/30: 69a514a8000000002202da25
2026-04-05 12:01:46,373 - crawler - ERROR - 获取笔记详情失败：Page.evaluate: Cannot serialize result: object reference chain is too long.
2026-04-05 12:01:46,373 - crawler - WARNING - 无法获取笔记详情：69a514a8000000002202da25
2026-04-05 12:01:48,401 - crawler - INFO - 爬取笔记 3/30: 69380d08000000001e0391f3
2026-04-05 12:01:49,456 - crawler - WARNING - 找不到笔记元素：69380d08000000001e0391f3
2026-04-05 12:01:49,456 - crawler - INFO - 爬取笔记 3/30: 6971ef60000000001a037e90
2026-04-05 12:01:50,501 - crawler - WARNING - 找不到笔记元素：6971ef60000000001a037e90
2026-04-05 12:01:50,501 - crawler - INFO - 爬取笔记 3/30: 6905b112000000000401087e
2026-04-05 12:01:51,544 - crawler - WARNING - 找不到笔记元素：6905b112000000000401087e
2026-04-05 12:01:51,544 - crawler - INFO - 爬取笔记 3/30: 699bb01200000000150221c6
2026-04-05 12:01:52,582 - crawler - WARNING - 找不到笔记元素：699bb01200000000150221c6
2026-04-05 12:01:52,582 - crawler - INFO - 爬取笔记 3/30: 69a2a520000000001d01051c
2026-04-05 12:01:53,614 - crawler - WARNING - 找不到笔记元素：69a2a520000000001d01051c
2026-04-05 12:01:53,614 - crawler - INFO - 爬取笔记 3/30: 671c65da0000000021006aef
2026-04-05 12:01:54,652 - crawler - WARNING - 找不到笔记元素：671c65da0000000021006aef
2026-04-05 12:01:54,652 - crawler - INFO - 爬取笔记 3/30: 69ad2dde000000000d00ba2e
2026-04-05 12:01:55,296 - crawler - ERROR - 爬取笔记 69ad2dde000000000d00ba2e 失败：Page.wait_for_timeout: Target page, context or browser has been closed
2026-04-05 12:01:55,298 - crawler - INFO - 爬取笔记 3/30: 693154d9000000001b026967
2026-04-05 12:01:55,300 - crawler - ERROR - 爬取笔记 693154d9000000001b026967 失败：Page.evaluate: Target page, context or browser has been closed
2026-04-05 12:01:55,301 - crawler - INFO - 爬取笔记 3/30: 695d5962000000001a02b7ed
2026-04-05 12:01:55,302 - crawler - ERROR - 爬取笔记 695d5962000000001a02b7ed 失败：Page.evaluate: Target page, context or browser has been closed
2026-04-05 12:01:55,304 - crawler - INFO - 爬取笔记 3/30: 69d1588a00000000230043e0
2026-04-05 12:01:55,305 - crawler - ERROR - 爬取笔记 69d1588a00000000230043e0 失败：Page.evaluate: Target page, context or browser has been closed
2026-04-05 12:01:55,307 - crawler - INFO - 爬取笔记 3/30: 69c2c033000000001a0221d1
2026-04-05 12:01:55,309 - crawler - ERROR - 爬取笔记 69c2c033000000001a0221d1 失败：Page.evaluate: Target page, context or browser has been closed
2026-04-05 12:01:55,311 - crawler - INFO - 爬取笔记 3/30: 6918a9b80000000004007d5b
2026-04-05 12:01:55,313 - crawler - ERROR - 爬取笔记 6918a9b80000000004007d5b 失败：Page.evaluate: Target page, context or browser has been closed
2026-04-05 12:01:55,315 - crawler - INFO - 爬取笔记 3/30: 692e65bd000000001e038de9
2026-04-05 12:01:55,317 - crawler - ERROR - 爬取笔记 692e65bd000000001e038de9 失败：Page.evaluate: Target page, context or browser has been closed
2026-04-05 12:01:55,318 - crawler - INFO - 爬取笔记 3/30: 6913fa7600000000050138f1
2026-04-05 12:01:55,320 - crawler - ERROR - 爬取笔记 6913fa7600000000050138f1 失败：Page.evaluate: Target page, context or browser has been closed
2026-04-05 12:01:55,321 - crawler - INFO - 爬取笔记 3/30: 693fae18000000001f00896f
2026-04-05 12:01:55,324 - crawler - ERROR - 爬取笔记 693fae18000000001f00896f 失败：Page.evaluate: Target page, context or browser has been closed
2026-04-05 12:01:55,325 - crawler - INFO - 爬取笔记 3/30: 69c00ae3000000001a020023
2026-04-05 12:01:55,328 - crawler - ERROR - 爬取笔记 69c00ae3000000001a020023 失败：Page.evaluate: Target page, context or browser has been closed
2026-04-05 12:01:55,330 - crawler - INFO - 爬取笔记 3/30: 6872392d000000002201e0ea
2026-04-05 12:01:55,333 - crawler - ERROR - 爬取笔记 6872392d000000002201e0ea 失败：Page.evaluate: Target page, context or browser has been closed
2026-04-05 12:01:55,335 - crawler - INFO - 爬取笔记 3/30: 691bd6ed000000000700fa40
2026-04-05 12:01:55,338 - crawler - ERROR - 爬取笔记 691bd6ed000000000700fa40 失败：Page.evaluate: Target page, context or browser has been closed
2026-04-05 12:01:55,340 - crawler - INFO - 爬取笔记 3/30: 69becca6000000001a027b54
2026-04-05 12:01:55,341 - crawler - ERROR - 爬取笔记 69becca6000000001a027b54 失败：Page.evaluate: Target page, context or browser has been closed
2026-04-05 12:01:55,343 - crawler - INFO - 爬取笔记 3/30: 69bd6f54000000001a028fd8
2026-04-05 12:01:55,345 - crawler - ERROR - 爬取笔记 69bd6f54000000001a028fd8 失败：Page.evaluate: Target page, context or browser has been closed
2026-04-05 12:01:55,346 - crawler - INFO - 爬取笔记 3/30: 6893230900000000250238f3
2026-04-05 12:01:55,348 - crawler - ERROR - 爬取笔记 6893230900000000250238f3 失败：Page.evaluate: Target page, context or browser has been closed
2026-04-05 12:01:55,350 - crawler - INFO - 爬取笔记 3/30: 68d90914000000001301ed65
2026-04-05 12:01:55,352 - crawler - ERROR - 爬取笔记 68d90914000000001301ed65 失败：Page.evaluate: Target page, context or browser has been closed
2026-04-05 12:01:55,354 - crawler - INFO - 爬取笔记 3/30: 69c1271c0000000021011e67
2026-04-05 12:01:55,355 - crawler - ERROR - 爬取笔记 69c1271c0000000021011e67 失败：Page.evaluate: Target page, context or browser has been closed
2026-04-05 12:01:55,357 - crawler - INFO - 爬取笔记 3/30: 69d078d7000000001a0329fa
2026-04-05 12:01:55,359 - crawler - ERROR - 爬取笔记 69d078d7000000001a0329fa 失败：Page.evaluate: Target page, context or browser has been closed
2026-04-05 12:01:55,360 - crawler - INFO - 爬取笔记 3/30: 69355f46000000001b023d75
2026-04-05 12:01:55,363 - crawler - ERROR - 爬取笔记 69355f46000000001b023d75 失败：Page.evaluate: Target page, context or browser has been closed
2026-04-05 12:01:55,364 - crawler - INFO - 爬取笔记 3/30: 69b605f6000000001d018709
2026-04-05 12:01:55,366 - crawler - ERROR - 爬取笔记 69b605f6000000001d018709 失败：Page.evaluate: Target page, context or browser has been closed
2026-04-05 12:01:55,367 - crawler - INFO - 滚动页面加载更多...
2026-04-05 12:01:55,676 - crawler - ERROR - 爬取失败：Page.evaluate: Target page, context or browser has been closed
2026-04-05 12:01:55,680 - crawler - ERROR - Traceback (most recent call last):
  File "E:\Yan.doument2\programming exercises\python\小红书爆款脚本\crawler.py", line 460, in crawl
    page.evaluate("window.scrollBy(0, 800)")
  File "C:\Yan.All\Anaconda\Lib\site-packages\playwright\sync_api\_generated.py", line 8566, in evaluate
    self._sync(
  File "C:\Yan.All\Anaconda\Lib\site-packages\playwright\_impl\_sync_base.py", line 115, in _sync
    return task.result()
           ^^^^^^^^^^^^^
  File "C:\Yan.All\Anaconda\Lib\site-packages\playwright\_impl\_page.py", line 464, in evaluate
    return await self._main_frame.evaluate(expression, arg)
           ^^^^^^^^^^^^^^^^^^^^^^^^^^^^^^^^^^^^^^^^^^^^^^^^
  File "C:\Yan.All\Anaconda\Lib\site-packages\playwright\_impl\_frame.py", line 320, in evaluate
    await self._channel.send(
  File "C:\Yan.All\Anaconda\Lib\site-packages\playwright\_impl\_connection.py", line 69, in send
    return await self._connection.wrap_api_call(
           ^^^^^^^^^^^^^^^^^^^^^^^^^^^^^^^^^^^^^
  File "C:\Yan.All\Anaconda\Lib\site-packages\playwright\_impl\_connection.py", line 559, in wrap_api_call
    raise rewrite_error(error, f"{parsed_st['apiName']}: {error}") from None
playwright._impl._errors.TargetClosedError: Page.evaluate: Target page, context or browser has been closed

2026-04-05 12:06:53,089 - crawler - INFO - 开始爬取，关键词：黑丝, 数量：30
2026-04-05 12:06:54,048 - crawler - INFO - 访问搜索页面：https://www.xiaohongshu.com/search_result?keyword=黑丝&source=web_explore_feed
2026-04-05 12:07:00,815 - crawler - INFO - 已保存初始截图
2026-04-05 12:07:00,816 - crawler - INFO - 提取初始笔记列表...
2026-04-05 12:07:00,826 - crawler - INFO - 初始页面找到 28 篇笔记
2026-04-05 12:07:00,826 - crawler - INFO - 爬取笔记 1/30: 6905b112000000000401087e
2026-04-05 12:07:08,763 - crawler - INFO - 成功获取笔记：有时候爱情比金钱更重要！...
2026-04-05 12:07:10,776 - crawler - INFO - 爬取笔记 2/30: 699d80bb000000001d027714
2026-04-05 12:07:18,590 - crawler - INFO - 成功获取笔记：有时候爱情比金钱更重要！...
2026-04-05 12:07:20,620 - crawler - INFO - 爬取笔记 3/30: 69bd6f54000000001a028fd8
2026-04-05 12:07:28,457 - crawler - ERROR - 获取笔记详情失败：Page.evaluate: Cannot serialize result: object reference chain is too long.
2026-04-05 12:07:28,459 - crawler - WARNING - 无法获取笔记详情：69bd6f54000000001a028fd8
2026-04-05 12:07:30,491 - crawler - INFO - 爬取笔记 4/30: 6987df2d00000000150335d7
2026-04-05 12:07:38,490 - crawler - ERROR - 获取笔记详情失败：Page.evaluate: Cannot serialize result: object reference chain is too long.
2026-04-05 12:07:38,491 - crawler - WARNING - 无法获取笔记详情：6987df2d00000000150335d7
2026-04-05 12:07:40,501 - crawler - INFO - 爬取笔记 5/30: 69a2a520000000001d01051c
2026-04-05 12:07:48,420 - crawler - ERROR - 获取笔记详情失败：Page.evaluate: Cannot serialize result: object reference chain is too long.
2026-04-05 12:07:48,421 - crawler - WARNING - 无法获取笔记详情：69a2a520000000001d01051c
2026-04-05 12:07:50,448 - crawler - INFO - 爬取笔记 6/30: 69b23ef9000000002603f71d
2026-04-05 12:07:58,375 - crawler - ERROR - 获取笔记详情失败：Page.evaluate: Cannot serialize result: object reference chain is too long.
2026-04-05 12:07:58,375 - crawler - WARNING - 无法获取笔记详情：69b23ef9000000002603f71d
2026-04-05 12:08:00,389 - crawler - INFO - 爬取笔记 7/30: 693154d9000000001b026967
2026-04-05 12:08:08,287 - crawler - ERROR - 获取笔记详情失败：Page.evaluate: Cannot serialize result: object reference chain is too long.
2026-04-05 12:08:08,287 - crawler - WARNING - 无法获取笔记详情：693154d9000000001b026967
2026-04-05 12:08:10,305 - crawler - INFO - 爬取笔记 8/30: 6930e9c5000000001e037d81
2026-04-05 12:08:18,250 - crawler - ERROR - 获取笔记详情失败：Page.evaluate: Cannot serialize result: object reference chain is too long.
2026-04-05 12:08:18,250 - crawler - WARNING - 无法获取笔记详情：6930e9c5000000001e037d81
2026-04-05 12:08:20,266 - crawler - INFO - 爬取笔记 9/30: 671c65da0000000021006aef
2026-04-05 12:08:28,225 - crawler - ERROR - 获取笔记详情失败：Page.evaluate: Cannot serialize result: object reference chain is too long.
2026-04-05 12:08:28,226 - crawler - WARNING - 无法获取笔记详情：671c65da0000000021006aef
2026-04-05 12:08:30,238 - crawler - INFO - 爬取笔记 10/30: 69d1588a00000000230043e0
2026-04-05 12:08:38,106 - crawler - ERROR - 获取笔记详情失败：Page.evaluate: Cannot serialize result: object reference chain is too long.
2026-04-05 12:08:38,107 - crawler - WARNING - 无法获取笔记详情：69d1588a00000000230043e0
2026-04-05 12:08:40,128 - crawler - INFO - 爬取笔记 11/30: 69380d08000000001e0391f3
2026-04-05 12:08:47,976 - crawler - ERROR - 获取笔记详情失败：Page.evaluate: Cannot serialize result: object reference chain is too long.
2026-04-05 12:08:47,977 - crawler - WARNING - 无法获取笔记详情：69380d08000000001e0391f3
2026-04-05 12:08:50,003 - crawler - INFO - 爬取笔记 12/30: 68caa401000000000b03c5fb
2026-04-05 12:08:57,936 - crawler - ERROR - 获取笔记详情失败：Page.evaluate: Cannot serialize result: object reference chain is too long.
2026-04-05 12:08:57,937 - crawler - WARNING - 无法获取笔记详情：68caa401000000000b03c5fb
2026-04-05 12:08:59,959 - crawler - INFO - 爬取笔记 13/30: 69aa6514000000000e00dda7
2026-04-05 12:09:07,884 - crawler - ERROR - 获取笔记详情失败：Page.evaluate: Cannot serialize result: object reference chain is too long.
2026-04-05 12:09:07,885 - crawler - WARNING - 无法获取笔记详情：69aa6514000000000e00dda7
2026-04-05 12:09:09,895 - crawler - INFO - 爬取笔记 14/30: 69a514a8000000002202da25
2026-04-05 12:09:17,860 - crawler - ERROR - 获取笔记详情失败：Page.evaluate: Cannot serialize result: object reference chain is too long.
2026-04-05 12:09:17,860 - crawler - WARNING - 无法获取笔记详情：69a514a8000000002202da25
2026-04-05 12:09:19,884 - crawler - INFO - 爬取笔记 15/30: 695d5962000000001a02b7ed
2026-04-05 12:09:27,881 - crawler - ERROR - 获取笔记详情失败：Page.evaluate: Cannot serialize result: object reference chain is too long.
2026-04-05 12:09:27,881 - crawler - WARNING - 无法获取笔记详情：695d5962000000001a02b7ed
2026-04-05 12:09:29,908 - crawler - INFO - 爬取笔记 16/30: 687e51850000000024009259
2026-04-05 12:09:37,903 - crawler - ERROR - 获取笔记详情失败：Page.evaluate: Cannot serialize result: object reference chain is too long.
2026-04-05 12:09:37,903 - crawler - WARNING - 无法获取笔记详情：687e51850000000024009259
2026-04-05 12:09:39,918 - crawler - INFO - 爬取笔记 17/30: 682308ae000000002100eff4
2026-04-05 12:09:47,871 - crawler - ERROR - 获取笔记详情失败：Page.evaluate: Cannot serialize result: object reference chain is too long.
2026-04-05 12:09:47,871 - crawler - WARNING - 无法获取笔记详情：682308ae000000002100eff4
2026-04-05 12:09:49,891 - crawler - INFO - 爬取笔记 18/30: 692a3d62000000001e00b780
2026-04-05 12:09:57,718 - crawler - INFO - 成功获取笔记：漂亮的医生姐姐我又来啦~...
2026-04-05 12:09:59,738 - crawler - INFO - 爬取笔记 19/30: 6872392d000000002201e0ea
2026-04-05 12:10:07,703 - crawler - ERROR - 获取笔记详情失败：Page.evaluate: Cannot serialize result: object reference chain is too long.
2026-04-05 12:10:07,703 - crawler - WARNING - 无法获取笔记详情：6872392d000000002201e0ea
2026-04-05 12:10:09,717 - crawler - INFO - 爬取笔记 20/30: 692e65bd000000001e038de9
2026-04-05 12:10:17,703 - crawler - ERROR - 获取笔记详情失败：Page.evaluate: Cannot serialize result: object reference chain is too long.
2026-04-05 12:10:17,704 - crawler - WARNING - 无法获取笔记详情：692e65bd000000001e038de9
2026-04-05 12:10:19,714 - crawler - INFO - 爬取笔记 21/30: 6935aead0000000019026a3d
2026-04-05 12:10:27,659 - crawler - ERROR - 获取笔记详情失败：Page.evaluate: Cannot serialize result: object reference chain is too long.
2026-04-05 12:10:27,659 - crawler - WARNING - 无法获取笔记详情：6935aead0000000019026a3d
2026-04-05 12:10:29,678 - crawler - INFO - 爬取笔记 22/30: 699d38a1000000001a0280de
2026-04-05 12:10:37,605 - crawler - ERROR - 获取笔记详情失败：Page.evaluate: Cannot serialize result: object reference chain is too long.
2026-04-05 12:10:37,606 - crawler - WARNING - 无法获取笔记详情：699d38a1000000001a0280de
2026-04-05 12:10:39,619 - crawler - INFO - 爬取笔记 23/30: 69cd08de000000001f003ab0
2026-04-05 12:10:47,520 - crawler - ERROR - 获取笔记详情失败：Page.evaluate: Cannot serialize result: object reference chain is too long.
2026-04-05 12:10:47,521 - crawler - WARNING - 无法获取笔记详情：69cd08de000000001f003ab0
2026-04-05 12:10:49,534 - crawler - INFO - 爬取笔记 24/30: 6983f3b6000000000903b75e
2026-04-05 12:10:57,449 - crawler - ERROR - 获取笔记详情失败：Page.evaluate: Cannot serialize result: object reference chain is too long.
2026-04-05 12:10:57,449 - crawler - WARNING - 无法获取笔记详情：6983f3b6000000000903b75e
2026-04-05 12:10:59,463 - crawler - INFO - 爬取笔记 25/30: 6933d201000000000d0390ae
2026-04-05 12:11:07,428 - crawler - ERROR - 获取笔记详情失败：Page.evaluate: Cannot serialize result: object reference chain is too long.
2026-04-05 12:11:07,428 - crawler - WARNING - 无法获取笔记详情：6933d201000000000d0390ae
2026-04-05 12:11:09,457 - crawler - INFO - 爬取笔记 26/30: 68a321c6000000001d02a3f8
2026-04-05 12:11:17,299 - crawler - ERROR - 获取笔记详情失败：Page.evaluate: Cannot serialize result: object reference chain is too long.
2026-04-05 12:11:17,300 - crawler - WARNING - 无法获取笔记详情：68a321c6000000001d02a3f8
2026-04-05 12:11:19,313 - crawler - INFO - 爬取笔记 27/30: 69638348000000001a02e660
2026-04-05 12:11:27,263 - crawler - ERROR - 获取笔记详情失败：Page.evaluate: Cannot serialize result: object reference chain is too long.
2026-04-05 12:11:27,263 - crawler - WARNING - 无法获取笔记详情：69638348000000001a02e660
2026-04-05 12:11:29,279 - crawler - INFO - 爬取笔记 28/30: 69cb192b000000001a024c76
2026-04-05 12:11:37,258 - crawler - ERROR - 获取笔记详情失败：Page.evaluate: Cannot serialize result: object reference chain is too long.
2026-04-05 12:11:37,258 - crawler - WARNING - 无法获取笔记详情：69cb192b000000001a024c76
2026-04-05 12:11:39,276 - crawler - INFO - 滚动页面加载更多...
2026-04-05 12:11:42,292 - crawler - INFO - 爬取笔记 29/30: 695a36b0000000001e02ce6b
2026-04-05 12:11:43,343 - crawler - WARNING - 找不到笔记元素：695a36b0000000001e02ce6b
2026-04-05 12:11:43,343 - crawler - INFO - 爬取笔记 29/30: 69d078d7000000001a0329fa
2026-04-05 12:11:44,383 - crawler - WARNING - 找不到笔记元素：69d078d7000000001a0329fa
2026-04-05 12:11:44,383 - crawler - INFO - 爬取笔记 29/30: 69c1271c0000000021011e67
2026-04-05 12:11:45,410 - crawler - WARNING - 找不到笔记元素：69c1271c0000000021011e67
2026-04-05 12:11:45,410 - crawler - INFO - 爬取笔记 29/30: 692bfd01000000001e028808
2026-04-05 12:11:46,448 - crawler - WARNING - 找不到笔记元素：692bfd01000000001e028808
2026-04-05 12:11:46,448 - crawler - INFO - 爬取笔记 29/30: 6840f7c4000000002202d1c2
2026-04-05 12:11:47,490 - crawler - WARNING - 找不到笔记元素：6840f7c4000000002202d1c2
2026-04-05 12:11:47,490 - crawler - INFO - 爬取笔记 29/30: 69967c9d000000000a033562
2026-04-05 12:11:48,532 - crawler - WARNING - 找不到笔记元素：69967c9d000000000a033562
2026-04-05 12:11:48,533 - crawler - INFO - 爬取笔记 29/30: 69b4aa70000000002301ccf6
2026-04-05 12:11:49,577 - crawler - WARNING - 找不到笔记元素：69b4aa70000000002301ccf6
2026-04-05 12:11:49,577 - crawler - INFO - 爬取笔记 29/30: 69355f46000000001b023d75
2026-04-05 12:11:50,619 - crawler - WARNING - 找不到笔记元素：69355f46000000001b023d75
2026-04-05 12:11:50,620 - crawler - INFO - 爬取笔记 29/30: 69b817a2000000001a02de0c
2026-04-05 12:11:51,657 - crawler - WARNING - 找不到笔记元素：69b817a2000000001a02de0c
2026-04-05 12:11:51,657 - crawler - INFO - 爬取笔记 29/30: 69b66f6c000000001a02ffcb
2026-04-05 12:11:52,696 - crawler - WARNING - 找不到笔记元素：69b66f6c000000001a02ffcb
2026-04-05 12:11:52,696 - crawler - INFO - 爬取笔记 29/30: 6932455a000000001e014417
2026-04-05 12:11:53,742 - crawler - WARNING - 找不到笔记元素：6932455a000000001e014417
2026-04-05 12:11:53,744 - crawler - INFO - 爬取笔记 29/30: 69ad2dde000000000d00ba2e
2026-04-05 12:11:54,781 - crawler - WARNING - 找不到笔记元素：69ad2dde000000000d00ba2e
2026-04-05 12:11:54,781 - crawler - INFO - 爬取笔记 29/30: 699bb01200000000150221c6
2026-04-05 12:11:55,820 - crawler - WARNING - 找不到笔记元素：699bb01200000000150221c6
2026-04-05 12:11:55,820 - crawler - INFO - 爬取笔记 29/30: 696fafef000000000d00be23
2026-04-05 12:11:56,864 - crawler - WARNING - 找不到笔记元素：696fafef000000000d00be23
2026-04-05 12:11:56,865 - crawler - INFO - 爬取笔记 29/30: 6918a9b80000000004007d5b
2026-04-05 12:11:57,903 - crawler - WARNING - 找不到笔记元素：6918a9b80000000004007d5b
2026-04-05 12:11:57,904 - crawler - INFO - 爬取笔记 29/30: 69cb227b000000002103837a
2026-04-05 12:11:58,932 - crawler - WARNING - 找不到笔记元素：69cb227b000000002103837a
2026-04-05 12:11:58,932 - crawler - INFO - 爬取笔记 29/30: 69aaa1380000000015039576
2026-04-05 12:11:59,976 - crawler - WARNING - 找不到笔记元素：69aaa1380000000015039576
2026-04-05 12:11:59,977 - crawler - INFO - 爬取笔记 29/30: 695f1f1b000000000b0081b1
2026-04-05 12:12:01,005 - crawler - WARNING - 找不到笔记元素：695f1f1b000000000b0081b1
2026-04-05 12:12:01,007 - crawler - INFO - 爬取笔记 29/30: 6904301e000000000703ac8e
2026-04-05 12:12:02,035 - crawler - WARNING - 找不到笔记元素：6904301e000000000703ac8e
2026-04-05 12:12:02,035 - crawler - INFO - 爬取笔记 29/30: 6921acd9000000000d0396c7
2026-04-05 12:12:03,078 - crawler - WARNING - 找不到笔记元素：6921acd9000000000d0396c7
2026-04-05 12:12:03,079 - crawler - INFO - 爬取笔记 29/30: 69069e7b0000000005013377
2026-04-05 12:12:04,107 - crawler - WARNING - 找不到笔记元素：69069e7b0000000005013377
2026-04-05 12:12:04,107 - crawler - INFO - 爬取笔记 29/30: 69c2c033000000001a0221d1
2026-04-05 12:12:05,148 - crawler - WARNING - 找不到笔记元素：69c2c033000000001a0221d1
2026-04-05 12:12:05,148 - crawler - INFO - 爬取笔记 29/30: 69242d5a000000001b0303ef
2026-04-05 12:12:06,177 - crawler - WARNING - 找不到笔记元素：69242d5a000000001b0303ef
2026-04-05 12:12:06,177 - crawler - INFO - 爬取笔记 29/30: 68c29ebc000000001c00f99f
2026-04-05 12:12:07,219 - crawler - WARNING - 找不到笔记元素：68c29ebc000000001c00f99f
2026-04-05 12:12:07,219 - crawler - INFO - 爬取笔记 29/30: 69c4a083000000001f001195
2026-04-05 12:12:08,262 - crawler - WARNING - 找不到笔记元素：69c4a083000000001f001195
2026-04-05 12:12:08,263 - crawler - INFO - 爬取笔记 29/30: 6829f858000000002202e5bd
2026-04-05 12:12:09,301 - crawler - WARNING - 找不到笔记元素：6829f858000000002202e5bd
2026-04-05 12:12:09,301 - crawler - INFO - 爬取笔记 29/30: 68a86603000000001c0368ac
2026-04-05 12:12:10,347 - crawler - WARNING - 找不到笔记元素：68a86603000000001c0368ac
2026-04-05 12:12:10,347 - crawler - INFO - 爬取笔记 29/30: 69c02b1d000000001a0317cf
2026-04-05 12:12:11,394 - crawler - WARNING - 找不到笔记元素：69c02b1d000000001a0317cf
2026-04-05 12:12:11,394 - crawler - INFO - 滚动页面加载更多...
2026-04-05 12:12:14,415 - crawler - INFO - 爬取笔记 29/30: 69becca6000000001a027b54
2026-04-05 12:12:15,449 - crawler - WARNING - 找不到笔记元素：69becca6000000001a027b54
2026-04-05 12:12:15,450 - crawler - INFO - 爬取笔记 29/30: 68d90914000000001301ed65
2026-04-05 12:12:16,495 - crawler - WARNING - 找不到笔记元素：68d90914000000001301ed65
2026-04-05 12:12:16,495 - crawler - INFO - 滚动页面加载更多...
2026-04-05 12:12:19,508 - crawler - INFO - 滚动页面加载更多...
2026-04-05 12:12:22,526 - crawler - INFO - 滚动页面加载更多...
2026-04-05 12:12:25,541 - crawler - INFO - 滚动页面加载更多...
2026-04-05 12:12:28,567 - crawler - INFO - 爬取笔记 29/30: 69457994000000000d03cbc8
2026-04-05 12:12:29,603 - crawler - WARNING - 找不到笔记元素：69457994000000000d03cbc8
2026-04-05 12:12:29,603 - crawler - INFO - 滚动页面加载更多...
2026-04-05 12:12:32,620 - crawler - INFO - 滚动页面加载更多...
2026-04-05 12:12:35,642 - crawler - INFO - 滚动页面加载更多...
2026-04-05 12:12:38,667 - crawler - INFO - 爬取笔记 29/30: 689483a1000000002302e8cb
2026-04-05 12:12:39,702 - crawler - WARNING - 找不到笔记元素：689483a1000000002302e8cb
2026-04-05 12:12:39,702 - crawler - INFO - 爬取笔记 29/30: 697239b7000000001a01d94d
2026-04-05 12:12:40,733 - crawler - WARNING - 找不到笔记元素：697239b7000000001a01d94d
2026-04-05 12:12:40,734 - crawler - INFO - 爬取笔记 29/30: 69ce90890000000022001cfa
2026-04-05 12:12:41,772 - crawler - WARNING - 找不到笔记元素：69ce90890000000022001cfa
2026-04-05 12:12:41,772 - crawler - INFO - 爬取笔记 29/30: 692d058b000000001e008b27
2026-04-05 12:12:42,796 - crawler - WARNING - 找不到笔记元素：692d058b000000001e008b27
2026-04-05 12:12:42,796 - crawler - INFO - 爬取笔记 29/30: 68fb49420000000004017981
2026-04-05 12:12:43,841 - crawler - WARNING - 找不到笔记元素：68fb49420000000004017981
2026-04-05 12:12:43,841 - crawler - INFO - 爬取笔记 29/30: 691004a50000000007033d12
2026-04-05 12:12:44,878 - crawler - WARNING - 找不到笔记元素：691004a50000000007033d12
2026-04-05 12:12:44,879 - crawler - INFO - 爬取笔记 29/30: 68b2db3e000000001b020ecb
2026-04-05 12:12:45,912 - crawler - WARNING - 找不到笔记元素：68b2db3e000000001b020ecb
2026-04-05 12:12:45,913 - crawler - INFO - 爬取笔记 29/30: 687c56810000000013013e60
2026-04-05 12:12:46,952 - crawler - WARNING - 找不到笔记元素：687c56810000000013013e60
2026-04-05 12:12:46,952 - crawler - INFO - 爬取笔记 29/30: 69cb8f9d000000002200f592
2026-04-05 12:12:47,985 - crawler - WARNING - 找不到笔记元素：69cb8f9d000000002200f592
2026-04-05 12:12:47,985 - crawler - INFO - 爬取笔记 29/30: 6905888f0000000007009dce
2026-04-05 12:12:49,017 - crawler - WARNING - 找不到笔记元素：6905888f0000000007009dce
2026-04-05 12:12:49,017 - crawler - INFO - 滚动页面加载更多...
2026-04-05 12:12:52,035 - crawler - INFO - 滚动页面加载更多...
2026-04-05 12:12:55,052 - crawler - INFO - 滚动页面加载更多...
2026-04-05 12:12:58,076 - crawler - INFO - 滚动页面加载更多...
2026-04-05 12:13:01,092 - crawler - INFO - 爬取笔记 29/30: 6959cb7b000000001e00fb9b
2026-04-05 12:13:02,127 - crawler - WARNING - 找不到笔记元素：6959cb7b000000001e00fb9b
2026-04-05 12:13:02,127 - crawler - INFO - 爬取笔记 29/30: 68c78181000000001d01cbd4
2026-04-05 12:13:03,156 - crawler - WARNING - 找不到笔记元素：68c78181000000001d01cbd4
2026-04-05 12:13:03,156 - crawler - INFO - 爬取笔记 29/30: 68723667000000000b02c3ee
2026-04-05 12:13:04,198 - crawler - WARNING - 找不到笔记元素：68723667000000000b02c3ee
2026-04-05 12:13:04,198 - crawler - INFO - 爬取笔记 29/30: 69bec316000000001b022096
2026-04-05 12:13:05,236 - crawler - WARNING - 找不到笔记元素：69bec316000000001b022096
2026-04-05 12:13:05,237 - crawler - INFO - 爬取笔记 29/30: 683ed0d900000000120010aa
2026-04-05 12:13:06,272 - crawler - WARNING - 找不到笔记元素：683ed0d900000000120010aa
2026-04-05 12:13:06,272 - crawler - INFO - 爬取笔记 29/30: 696340680000000021030a7b
2026-04-05 12:13:07,297 - crawler - WARNING - 找不到笔记元素：696340680000000021030a7b
2026-04-05 12:13:07,298 - crawler - INFO - 爬取笔记 29/30: 69ab9d06000000002603155c
2026-04-05 12:13:08,335 - crawler - WARNING - 找不到笔记元素：69ab9d06000000002603155c
2026-04-05 12:13:08,335 - crawler - INFO - 爬取笔记 29/30: 69b26143000000000b0349c7
2026-04-05 12:13:09,380 - crawler - WARNING - 找不到笔记元素：69b26143000000000b0349c7
2026-04-05 12:13:09,381 - crawler - INFO - 爬取笔记 29/30: 69c3c948000000001a027f9a
2026-04-05 12:13:10,424 - crawler - WARNING - 找不到笔记元素：69c3c948000000001a027f9a
2026-04-05 12:13:10,424 - crawler - INFO - 爬取笔记 29/30: 69b3f39c000000001f005849
2026-04-05 12:13:11,465 - crawler - WARNING - 找不到笔记元素：69b3f39c000000001f005849
2026-04-05 12:13:11,465 - crawler - INFO - 滚动页面加载更多...
2026-04-05 12:13:14,480 - crawler - INFO - 滚动页面加载更多...
2026-04-05 12:13:17,494 - crawler - INFO - 滚动页面加载更多...
2026-04-05 12:13:20,509 - crawler - INFO - 滚动页面加载更多...
2026-04-05 12:13:23,527 - crawler - INFO - 滚动页面加载更多...
2026-04-05 12:13:26,539 - crawler - INFO - 爬取笔记 29/30: 695b69f90000000021030fc6
2026-04-05 12:13:27,568 - crawler - WARNING - 找不到笔记元素：695b69f90000000021030fc6
2026-04-05 12:13:27,568 - crawler - INFO - 爬取笔记 29/30: 69ba163500000000210114ff
2026-04-05 12:13:28,595 - crawler - WARNING - 找不到笔记元素：69ba163500000000210114ff
2026-04-05 12:13:28,596 - crawler - INFO - 爬取笔记 29/30: 68ea1fb6000000000300ec55
2026-04-05 12:13:29,643 - crawler - WARNING - 找不到笔记元素：68ea1fb6000000000300ec55
2026-04-05 12:13:29,643 - crawler - INFO - 爬取笔记 29/30: 69be7d8c0000000021007597
2026-04-05 12:13:30,689 - crawler - WARNING - 找不到笔记元素：69be7d8c0000000021007597
2026-04-05 12:13:30,689 - crawler - INFO - 爬取笔记 29/30: 6910271c000000000700ced6
2026-04-05 12:13:31,732 - crawler - WARNING - 找不到笔记元素：6910271c000000000700ced6
2026-04-05 12:13:31,732 - crawler - INFO - 爬取笔记 29/30: 68cea5b70000000013012999
2026-04-05 12:13:32,776 - crawler - WARNING - 找不到笔记元素：68cea5b70000000013012999
2026-04-05 12:13:32,776 - crawler - INFO - 爬取笔记 29/30: 691ba7d400000000070323cf
2026-04-05 12:13:33,818 - crawler - WARNING - 找不到笔记元素：691ba7d400000000070323cf
2026-04-05 12:13:33,818 - crawler - INFO - 爬取笔记 29/30: 68d4f9390000000007028d7b
2026-04-05 12:13:34,858 - crawler - WARNING - 找不到笔记元素：68d4f9390000000007028d7b
2026-04-05 12:13:34,858 - crawler - INFO - 爬取笔记 29/30: 693eb24b000000000d03796a
2026-04-05 12:13:35,875 - crawler - WARNING - 找不到笔记元素：693eb24b000000000d03796a
2026-04-05 12:13:35,875 - crawler - INFO - 爬取笔记 29/30: 68e8db8f000000000402bc20
2026-04-05 12:13:36,922 - crawler - WARNING - 找不到笔记元素：68e8db8f000000000402bc20
2026-04-05 12:13:36,922 - crawler - INFO - 滚动页面加载更多...
2026-04-05 12:13:39,940 - crawler - INFO - 滚动页面加载更多...
2026-04-05 12:13:42,959 - crawler - INFO - 滚动页面加载更多...
2026-04-05 12:13:45,973 - crawler - INFO - 滚动页面加载更多...
2026-04-05 12:13:48,995 - crawler - INFO - 滚动页面加载更多...
2026-04-05 12:13:52,019 - crawler - INFO - 滚动页面加载更多...
2026-04-05 12:13:55,035 - crawler - INFO - 爬取笔记 29/30: 688ff04000000000030261f4
2026-04-05 12:13:56,064 - crawler - WARNING - 找不到笔记元素：688ff04000000000030261f4
2026-04-05 12:13:56,064 - crawler - INFO - 爬取笔记 29/30: 68dc86a30000000004012252
2026-04-05 12:13:57,104 - crawler - WARNING - 找不到笔记元素：68dc86a30000000004012252
2026-04-05 12:13:57,105 - crawler - INFO - 爬取笔记 29/30: 68ce6d1c000000001201d47a
2026-04-05 12:13:58,145 - crawler - WARNING - 找不到笔记元素：68ce6d1c000000001201d47a
2026-04-05 12:13:58,145 - crawler - INFO - 爬取笔记 29/30: 695777dd000000001e024a7d
2026-04-05 12:13:59,183 - crawler - WARNING - 找不到笔记元素：695777dd000000001e024a7d
2026-04-05 12:13:59,184 - crawler - INFO - 爬取笔记 29/30: 697c1b4f000000000a032b06
2026-04-05 12:14:00,225 - crawler - WARNING - 找不到笔记元素：697c1b4f000000000a032b06
2026-04-05 12:14:00,226 - crawler - INFO - 爬取笔记 29/30: 68980d06000000002301ac67
2026-04-05 12:14:01,269 - crawler - WARNING - 找不到笔记元素：68980d06000000002301ac67
2026-04-05 12:14:01,269 - crawler - INFO - 爬取笔记 29/30: 69d17fdd0000000023005a28
2026-04-05 12:14:02,304 - crawler - WARNING - 找不到笔记元素：69d17fdd0000000023005a28
2026-04-05 12:14:02,304 - crawler - INFO - 爬取笔记 29/30: 69157d4500000000070312f0
2026-04-05 12:14:03,341 - crawler - WARNING - 找不到笔记元素：69157d4500000000070312f0
2026-04-05 12:14:03,341 - crawler - INFO - 爬取笔记 29/30: 696638a6000000002202243e
2026-04-05 12:14:04,382 - crawler - WARNING - 找不到笔记元素：696638a6000000002202243e
2026-04-05 12:14:04,382 - crawler - INFO - 爬取笔记 29/30: 683195de0000000021008900
2026-04-05 12:14:05,421 - crawler - WARNING - 找不到笔记元素：683195de0000000021008900
2026-04-05 12:14:05,421 - crawler - INFO - 滚动页面加载更多...
2026-04-05 12:14:08,434 - crawler - INFO - 滚动页面加载更多...
2026-04-05 12:14:11,456 - crawler - INFO - 滚动页面加载更多...
2026-04-05 12:14:14,474 - crawler - INFO - 滚动页面加载更多...
2026-04-05 12:14:17,486 - crawler - INFO - 滚动页面加载更多...
2026-04-05 12:14:20,501 - crawler - INFO - 滚动页面加载更多...
2026-04-05 12:14:23,526 - crawler - INFO - 滚动页面加载更多...
2026-04-05 12:14:26,548 - crawler - INFO - 爬取笔记 29/30: 696faa25000000000e03e78c
2026-04-05 12:14:27,592 - crawler - WARNING - 找不到笔记元素：696faa25000000000e03e78c
2026-04-05 12:14:27,592 - crawler - INFO - 爬取笔记 29/30: 67aeae29000000001800801f
2026-04-05 12:14:28,625 - crawler - WARNING - 找不到笔记元素：67aeae29000000001800801f
2026-04-05 12:14:28,625 - crawler - INFO - 爬取笔记 29/30: 6981d6c7000000002103d73c
2026-04-05 12:14:29,666 - crawler - WARNING - 找不到笔记元素：6981d6c7000000002103d73c
2026-04-05 12:14:29,666 - crawler - INFO - 爬取笔记 29/30: 66799e77000000001f0077c6
2026-04-05 12:14:30,698 - crawler - WARNING - 找不到笔记元素：66799e77000000001f0077c6
2026-04-05 12:14:30,698 - crawler - INFO - 爬取笔记 29/30: 6863afa4000000001c0325c5
2026-04-05 12:14:31,722 - crawler - WARNING - 找不到笔记元素：6863afa4000000001c0325c5
2026-04-05 12:14:31,723 - crawler - INFO - 爬取笔记 29/30: 667c2f87000000001e01179f
2026-04-05 12:14:32,758 - crawler - WARNING - 找不到笔记元素：667c2f87000000001e01179f
2026-04-05 12:14:32,759 - crawler - INFO - 爬取笔记 29/30: 67fa6576000000001c034ada
2026-04-05 12:14:33,808 - crawler - WARNING - 找不到笔记元素：67fa6576000000001c034ada
2026-04-05 12:14:33,808 - crawler - INFO - 爬取笔记 29/30: 692e44d4000000001b033379
2026-04-05 12:14:34,830 - crawler - WARNING - 找不到笔记元素：692e44d4000000001b033379
2026-04-05 12:14:34,830 - crawler - INFO - 滚动页面加载更多...
2026-04-05 12:14:37,843 - crawler - INFO - 滚动页面加载更多...
2026-04-05 12:14:40,861 - crawler - INFO - 滚动页面加载更多...
2026-04-05 12:14:43,881 - crawler - INFO - 滚动页面加载更多...
2026-04-05 12:14:46,901 - crawler - INFO - 滚动页面加载更多...
2026-04-05 12:14:49,922 - crawler - INFO - 滚动页面加载更多...
2026-04-05 12:14:52,944 - crawler - INFO - 滚动页面加载更多...
2026-04-05 12:14:55,968 - crawler - INFO - 滚动页面加载更多...
2026-04-05 12:14:58,983 - crawler - INFO - 爬取笔记 29/30: 66f6cd03000000001a020acf
2026-04-05 12:15:00,018 - crawler - WARNING - 找不到笔记元素：66f6cd03000000001a020acf
2026-04-05 12:15:00,018 - crawler - INFO - 爬取笔记 29/30: 685d54b9000000001c036b60
2026-04-05 12:15:01,054 - crawler - WARNING - 找不到笔记元素：685d54b9000000001c036b60
2026-04-05 12:15:01,054 - crawler - INFO - 爬取笔记 29/30: 676e9ae9000000000800c0f3
2026-04-05 12:15:02,094 - crawler - WARNING - 找不到笔记元素：676e9ae9000000000800c0f3
2026-04-05 12:15:02,095 - crawler - INFO - 爬取笔记 29/30: 67a71351000000002503e079
2026-04-05 12:15:03,123 - crawler - WARNING - 找不到笔记元素：67a71351000000002503e079
2026-04-05 12:15:03,125 - crawler - INFO - 爬取笔记 29/30: 69c63dec0000000021010c89
2026-04-05 12:15:04,172 - crawler - WARNING - 找不到笔记元素：69c63dec0000000021010c89
2026-04-05 12:15:04,173 - crawler - INFO - 爬取笔记 29/30: 68c29c46000000001d020c91
2026-04-05 12:15:05,231 - crawler - WARNING - 找不到笔记元素：68c29c46000000001d020c91
2026-04-05 12:15:05,232 - crawler - INFO - 爬取笔记 29/30: 665c0f03000000001500b585
2026-04-05 12:15:06,262 - crawler - WARNING - 找不到笔记元素：665c0f03000000001500b585
2026-04-05 12:15:06,263 - crawler - INFO - 爬取笔记 29/30: 696dcaee0000000022008a20
2026-04-05 12:15:07,295 - crawler - WARNING - 找不到笔记元素：696dcaee0000000022008a20
2026-04-05 12:15:07,296 - crawler - INFO - 爬取笔记 29/30: 69317159000000001e033b34
2026-04-05 12:15:08,331 - crawler - WARNING - 找不到笔记元素：69317159000000001e033b34
2026-04-05 12:15:08,331 - crawler - INFO - 爬取笔记 29/30: 68208d810000000022006ca3
2026-04-05 12:15:09,368 - crawler - WARNING - 找不到笔记元素：68208d810000000022006ca3
2026-04-05 12:15:09,369 - crawler - INFO - 滚动页面加载更多...
2026-04-05 12:15:12,385 - crawler - INFO - 滚动页面加载更多...
2026-04-05 12:15:15,402 - crawler - INFO - 滚动页面加载更多...
2026-04-05 12:15:18,415 - crawler - INFO - 滚动页面加载更多...
2026-04-05 12:15:21,428 - crawler - INFO - 滚动页面加载更多...
2026-04-05 12:15:24,444 - crawler - INFO - 滚动页面加载更多...
2026-04-05 12:15:27,464 - crawler - INFO - 滚动页面加载更多...
2026-04-05 12:15:30,488 - crawler - INFO - 滚动页面加载更多...
2026-04-05 12:15:33,502 - crawler - INFO - 滚动页面加载更多...
2026-04-05 12:15:36,520 - crawler - INFO - 爬取笔记 29/30: 69bbc18f0000000023021b23
2026-04-05 12:15:37,559 - crawler - WARNING - 找不到笔记元素：69bbc18f0000000023021b23
2026-04-05 12:15:37,559 - crawler - INFO - 爬取笔记 29/30: 6815e172000000002300fe0d
2026-04-05 12:15:38,602 - crawler - WARNING - 找不到笔记元素：6815e172000000002300fe0d
2026-04-05 12:15:38,602 - crawler - INFO - 爬取笔记 29/30: 69072f0d000000000700fa50
2026-04-05 12:15:39,637 - crawler - WARNING - 找不到笔记元素：69072f0d000000000700fa50
2026-04-05 12:15:39,637 - crawler - INFO - 爬取笔记 29/30: 6656e788000000001401814d
2026-04-05 12:15:40,691 - crawler - WARNING - 找不到笔记元素：6656e788000000001401814d
2026-04-05 12:15:40,691 - crawler - INFO - 爬取笔记 29/30: 67e0cdc200000000090160bc
2026-04-05 12:15:41,730 - crawler - WARNING - 找不到笔记元素：67e0cdc200000000090160bc
2026-04-05 12:15:41,731 - crawler - INFO - 爬取笔记 29/30: 669d230c000000000a004978
2026-04-05 12:15:42,769 - crawler - WARNING - 找不到笔记元素：669d230c000000000a004978
2026-04-05 12:15:42,769 - crawler - INFO - 滚动页面加载更多...
2026-04-05 12:15:45,794 - crawler - INFO - 滚动页面加载更多...
2026-04-05 12:15:48,806 - crawler - INFO - 滚动页面加载更多...
2026-04-05 12:15:51,818 - crawler - INFO - 滚动页面加载更多...
2026-04-05 12:15:54,836 - crawler - INFO - 滚动页面加载更多...
2026-04-05 12:15:57,857 - crawler - INFO - 滚动页面加载更多...
2026-04-05 12:16:00,875 - crawler - INFO - 滚动页面加载更多...
2026-04-05 12:16:03,890 - crawler - INFO - 滚动页面加载更多...
2026-04-05 12:16:06,909 - crawler - INFO - 滚动页面加载更多...
2026-04-05 12:16:09,926 - crawler - INFO - 爬取笔记 29/30: 69721aa4000000001a02ae15
2026-04-05 12:16:10,951 - crawler - WARNING - 找不到笔记元素：69721aa4000000001a02ae15
2026-04-05 12:16:10,951 - crawler - INFO - 滚动页面加载更多...
2026-04-05 12:16:13,976 - crawler - INFO - 滚动页面加载更多...
2026-04-05 12:16:16,993 - crawler - INFO - 滚动页面加载更多...
2026-04-05 12:16:20,015 - crawler - INFO - 滚动页面加载更多...
2026-04-05 12:16:23,036 - crawler - INFO - 滚动页面加载更多...
2026-04-05 12:16:26,052 - crawler - INFO - 滚动页面加载更多...
2026-04-05 12:16:29,063 - crawler - INFO - 滚动页面加载更多...
2026-04-05 12:16:32,078 - crawler - INFO - 滚动页面加载更多...
2026-04-05 12:16:35,100 - crawler - INFO - 滚动页面加载更多...
2026-04-05 12:16:38,114 - crawler - INFO - 滚动页面加载更多...
2026-04-05 12:16:41,135 - crawler - INFO - 爬取笔记 29/30: 69b42181000000001b02166d
2026-04-05 12:16:42,172 - crawler - WARNING - 找不到笔记元素：69b42181000000001b02166d
2026-04-05 12:16:42,172 - crawler - INFO - 爬取笔记 29/30: 69c8e90e000000002102f478
2026-04-05 12:16:43,221 - crawler - WARNING - 找不到笔记元素：69c8e90e000000002102f478
2026-04-05 12:16:43,221 - crawler - INFO - 爬取笔记 29/30: 68b6d855000000001d025f54
2026-04-05 12:16:44,242 - crawler - WARNING - 找不到笔记元素：68b6d855000000001d025f54
2026-04-05 12:16:44,242 - crawler - INFO - 爬取笔记 29/30: 6904104c00000000040293fa
2026-04-05 12:16:45,273 - crawler - WARNING - 找不到笔记元素：6904104c00000000040293fa
2026-04-05 12:16:45,273 - crawler - INFO - 爬取笔记 29/30: 67908af10000000018012d92
2026-04-05 12:16:46,300 - crawler - WARNING - 找不到笔记元素：67908af10000000018012d92
2026-04-05 12:16:46,301 - crawler - INFO - 爬取笔记 29/30: 68fcad38000000000402ad09
2026-04-05 12:16:47,349 - crawler - WARNING - 找不到笔记元素：68fcad38000000000402ad09
2026-04-05 12:16:47,349 - crawler - INFO - 爬取笔记 29/30: 683f3198000000002301e3ef
2026-04-05 12:16:48,389 - crawler - WARNING - 找不到笔记元素：683f3198000000002301e3ef
2026-04-05 12:16:48,389 - crawler - INFO - 爬取笔记 29/30: 692f9bf8000000001d03ca2a
2026-04-05 12:16:49,434 - crawler - WARNING - 找不到笔记元素：692f9bf8000000001d03ca2a
2026-04-05 12:16:49,435 - crawler - INFO - 滚动页面加载更多...
2026-04-05 12:16:52,460 - crawler - INFO - 滚动页面加载更多...
2026-04-05 12:16:55,492 - crawler - INFO - 滚动页面加载更多...
2026-04-05 12:16:58,510 - crawler - INFO - 滚动页面加载更多...
2026-04-05 12:17:01,531 - crawler - INFO - 滚动页面加载更多...
2026-04-05 12:17:04,549 - crawler - INFO - 滚动页面加载更多...
2026-04-05 12:17:07,564 - crawler - INFO - 滚动页面加载更多...
2026-04-05 12:17:10,578 - crawler - INFO - 滚动页面加载更多...
2026-04-05 12:17:13,594 - crawler - INFO - 滚动页面加载更多...
2026-04-05 12:17:16,615 - crawler - INFO - 滚动页面加载更多...
2026-04-05 12:17:19,633 - crawler - INFO - 滚动页面加载更多...
2026-04-05 12:17:22,656 - crawler - INFO - 爬取笔记 29/30: 67c57b0b000000002a000bb3
2026-04-05 12:17:23,689 - crawler - WARNING - 找不到笔记元素：67c57b0b000000002a000bb3
2026-04-05 12:17:23,689 - crawler - INFO - 爬取笔记 29/30: 6861d555000000001203171e
2026-04-05 12:17:24,732 - crawler - WARNING - 找不到笔记元素：6861d555000000001203171e
2026-04-05 12:17:24,732 - crawler - INFO - 爬取笔记 29/30: 6723a269000000001901a660
2026-04-05 12:17:25,774 - crawler - WARNING - 找不到笔记元素：6723a269000000001901a660
2026-04-05 12:17:25,775 - crawler - INFO - 爬取笔记 29/30: 668ab2e3000000000d00d6e4
2026-04-05 12:17:26,813 - crawler - WARNING - 找不到笔记元素：668ab2e3000000000d00d6e4
2026-04-05 12:17:26,813 - crawler - INFO - 爬取笔记 29/30: 6869f6a8000000000b02c2a2
2026-04-05 12:17:27,856 - crawler - WARNING - 找不到笔记元素：6869f6a8000000000b02c2a2
2026-04-05 12:17:27,856 - crawler - INFO - 爬取笔记 29/30: 69be718d000000001a0321a3
2026-04-05 12:17:28,888 - crawler - WARNING - 找不到笔记元素：69be718d000000001a0321a3
2026-04-05 12:17:28,889 - crawler - INFO - 爬取笔记 29/30: 68563d35000000000b02dfc3
2026-04-05 12:17:29,928 - crawler - WARNING - 找不到笔记元素：68563d35000000000b02dfc3
2026-04-05 12:17:29,928 - crawler - INFO - 滚动页面加载更多...
2026-04-05 12:17:32,946 - crawler - INFO - 滚动页面加载更多...
2026-04-05 12:17:35,960 - crawler - INFO - 滚动页面加载更多...
2026-04-05 12:17:38,978 - crawler - INFO - 滚动页面加载更多...
2026-04-05 12:17:41,998 - crawler - INFO - 滚动页面加载更多...
2026-04-05 12:17:45,011 - crawler - INFO - 滚动页面加载更多...
2026-04-05 12:17:48,037 - crawler - INFO - 滚动页面加载更多...
2026-04-05 12:17:51,054 - crawler - INFO - 滚动页面加载更多...
2026-04-05 12:17:54,069 - crawler - INFO - 滚动页面加载更多...
2026-04-05 12:17:57,089 - crawler - INFO - 滚动页面加载更多...
2026-04-05 12:18:00,105 - crawler - INFO - 滚动页面加载更多...
2026-04-05 12:18:03,131 - crawler - INFO - 滚动页面加载更多...
2026-04-05 12:18:06,147 - crawler - INFO - 爬取笔记 29/30: 69aab86f000000001a02a344
2026-04-05 12:18:07,183 - crawler - WARNING - 找不到笔记元素：69aab86f000000001a02a344
2026-04-05 12:18:07,184 - crawler - INFO - 爬取笔记 29/30: 69c3ca43000000002200032f
2026-04-05 12:18:08,218 - crawler - WARNING - 找不到笔记元素：69c3ca43000000002200032f
2026-04-05 12:18:08,218 - crawler - INFO - 爬取笔记 29/30: 69cb33b90000000023020f96
2026-04-05 12:18:09,239 - crawler - WARNING - 找不到笔记元素：69cb33b90000000023020f96
2026-04-05 12:18:09,240 - crawler - INFO - 爬取笔记 29/30: 69d0b579000000001f007387
2026-04-05 12:18:10,278 - crawler - WARNING - 找不到笔记元素：69d0b579000000001f007387
2026-04-05 12:18:10,279 - crawler - INFO - 爬取笔记 29/30: 68b05551000000001d000774
2026-04-05 12:18:11,318 - crawler - WARNING - 找不到笔记元素：68b05551000000001d000774
2026-04-05 12:18:11,318 - crawler - INFO - 爬取笔记 29/30: 6703d3a2000000001902d9d9
2026-04-05 12:18:12,356 - crawler - WARNING - 找不到笔记元素：6703d3a2000000001902d9d9
2026-04-05 12:18:12,356 - crawler - INFO - 爬取笔记 29/30: 698df694000000001a030e5c
2026-04-05 12:18:13,401 - crawler - WARNING - 找不到笔记元素：698df694000000001a030e5c
2026-04-05 12:18:13,401 - crawler - INFO - 爬取笔记 29/30: 67fd1993000000001d007a46
2026-04-05 12:18:14,446 - crawler - WARNING - 找不到笔记元素：67fd1993000000001d007a46
2026-04-05 12:18:14,447 - crawler - INFO - 滚动页面加载更多...
2026-04-05 12:18:17,461 - crawler - INFO - 滚动页面加载更多...
2026-04-05 12:18:20,475 - crawler - INFO - 滚动页面加载更多...
2026-04-05 12:18:23,496 - crawler - INFO - 滚动页面加载更多...
2026-04-05 12:18:26,510 - crawler - INFO - 滚动页面加载更多...
2026-04-05 12:18:29,530 - crawler - INFO - 滚动页面加载更多...
2026-04-05 12:18:32,543 - crawler - INFO - 滚动页面加载更多...
2026-04-05 12:18:35,559 - crawler - INFO - 滚动页面加载更多...
2026-04-05 12:18:38,585 - crawler - INFO - 滚动页面加载更多...
2026-04-05 12:18:41,602 - crawler - INFO - 滚动页面加载更多...
2026-04-05 12:18:44,619 - crawler - INFO - 滚动页面加载更多...
2026-04-05 12:18:47,642 - crawler - INFO - 滚动页面加载更多...
2026-04-05 12:18:50,660 - crawler - INFO - 滚动页面加载更多...
2026-04-05 12:18:53,678 - crawler - INFO - 爬取笔记 29/30: 679e0901000000002602d3de
2026-04-05 12:18:54,710 - crawler - WARNING - 找不到笔记元素：679e0901000000002602d3de
2026-04-05 12:18:54,710 - crawler - INFO - 爬取笔记 29/30: 66e7cc4e000000001e018df2
2026-04-05 12:18:55,743 - crawler - WARNING - 找不到笔记元素：66e7cc4e000000001e018df2
2026-04-05 12:18:55,743 - crawler - INFO - 爬取笔记 29/30: 69cbb8d0000000001a032e24
2026-04-05 12:18:56,782 - crawler - WARNING - 找不到笔记元素：69cbb8d0000000001a032e24
2026-04-05 12:18:56,783 - crawler - INFO - 爬取笔记 29/30: 69c4c60c00000000220000e7
2026-04-05 12:18:57,820 - crawler - WARNING - 找不到笔记元素：69c4c60c00000000220000e7
2026-04-05 12:18:57,820 - crawler - INFO - 爬取笔记 29/30: 686bb4370000000012031f0a
2026-04-05 12:18:58,852 - crawler - WARNING - 找不到笔记元素：686bb4370000000012031f0a
2026-04-05 12:18:58,852 - crawler - INFO - 爬取笔记 29/30: 67bfd6ed000000001201f615
2026-04-05 12:18:59,884 - crawler - WARNING - 找不到笔记元素：67bfd6ed000000001201f615
2026-04-05 12:18:59,884 - crawler - INFO - 爬取笔记 29/30: 68085a81000000001d02d725
2026-04-05 12:19:00,926 - crawler - WARNING - 找不到笔记元素：68085a81000000001d02d725
2026-04-05 12:19:00,926 - crawler - INFO - 爬取笔记 29/30: 68df691e00000000040152fa
2026-04-05 12:19:02,009 - crawler - WARNING - 找不到笔记元素：68df691e00000000040152fa
2026-04-05 12:19:02,009 - crawler - INFO - 爬取笔记 29/30: 69cf5f72000000002102c30c
2026-04-05 12:19:03,038 - crawler - WARNING - 找不到笔记元素：69cf5f72000000002102c30c
2026-04-05 12:19:03,038 - crawler - INFO - 滚动页面加载更多...
2026-04-05 12:19:06,059 - crawler - INFO - 滚动页面加载更多...
2026-04-05 12:19:09,071 - crawler - INFO - 滚动页面加载更多...
2026-04-05 12:19:12,085 - crawler - INFO - 滚动页面加载更多...
2026-04-05 12:19:15,102 - crawler - INFO - 滚动页面加载更多...
2026-04-05 12:19:18,118 - crawler - INFO - 滚动页面加载更多...
2026-04-05 12:19:21,134 - crawler - INFO - 滚动页面加载更多...
2026-04-05 12:19:24,157 - crawler - INFO - 滚动页面加载更多...
2026-04-05 12:19:27,183 - crawler - INFO - 滚动页面加载更多...
2026-04-05 12:19:30,195 - crawler - INFO - 滚动页面加载更多...
2026-04-05 12:19:33,211 - crawler - INFO - 滚动页面加载更多...
2026-04-05 12:19:36,245 - crawler - INFO - 滚动页面加载更多...
2026-04-05 12:19:39,272 - crawler - INFO - 滚动页面加载更多...
2026-04-05 12:19:42,296 - crawler - INFO - 滚动页面加载更多...
2026-04-05 12:19:45,321 - crawler - INFO - 爬取笔记 29/30: 69d0bc51000000001f001d33
2026-04-05 12:19:46,358 - crawler - WARNING - 找不到笔记元素：69d0bc51000000001f001d33
2026-04-05 12:19:46,358 - crawler - INFO - 爬取笔记 29/30: 6987fd13000000000a02b0e0
2026-04-05 12:19:47,398 - crawler - WARNING - 找不到笔记元素：6987fd13000000000a02b0e0
2026-04-05 12:19:47,398 - crawler - INFO - 爬取笔记 29/30: 695f64b7000000000e03d053
2026-04-05 12:19:48,437 - crawler - WARNING - 找不到笔记元素：695f64b7000000000e03d053
2026-04-05 12:19:48,437 - crawler - INFO - 爬取笔记 29/30: 687cd3da000000002201e88e
2026-04-05 12:19:49,476 - crawler - WARNING - 找不到笔记元素：687cd3da000000002201e88e
2026-04-05 12:19:49,476 - crawler - INFO - 爬取笔记 29/30: 69a5815b000000001a02fed3
2026-04-05 12:19:50,521 - crawler - WARNING - 找不到笔记元素：69a5815b000000001a02fed3
2026-04-05 12:19:50,522 - crawler - INFO - 爬取笔记 29/30: 698db0ff000000001a027c07
2026-04-05 12:19:51,562 - crawler - WARNING - 找不到笔记元素：698db0ff000000001a027c07
2026-04-05 12:19:51,563 - crawler - INFO - 爬取笔记 29/30: 696f2394000000001a0299db
2026-04-05 12:19:52,601 - crawler - WARNING - 找不到笔记元素：696f2394000000001a0299db
2026-04-05 12:19:52,601 - crawler - INFO - 爬取笔记 29/30: 69788dc100000000220398ed
2026-04-05 12:19:53,636 - crawler - WARNING - 找不到笔记元素：69788dc100000000220398ed
2026-04-05 12:19:53,637 - crawler - INFO - 爬取笔记 29/30: 6626740e0000000001031aa1
2026-04-05 12:19:54,678 - crawler - WARNING - 找不到笔记元素：6626740e0000000001031aa1
2026-04-05 12:19:54,678 - crawler - INFO - 滚动页面加载更多...
2026-04-05 12:19:57,694 - crawler - INFO - 滚动页面加载更多...
2026-04-05 12:20:00,713 - crawler - INFO - 滚动页面加载更多...
2026-04-05 12:20:03,736 - crawler - INFO - 滚动页面加载更多...
2026-04-05 12:20:06,754 - crawler - INFO - 滚动页面加载更多...
2026-04-05 12:20:09,776 - crawler - INFO - 滚动页面加载更多...
2026-04-05 12:20:12,789 - crawler - INFO - 滚动页面加载更多...
2026-04-05 12:20:15,806 - crawler - INFO - 滚动页面加载更多...
2026-04-05 12:20:18,830 - crawler - INFO - 滚动页面加载更多...
2026-04-05 12:20:21,847 - crawler - INFO - 滚动页面加载更多...
2026-04-05 12:20:24,865 - crawler - INFO - 滚动页面加载更多...
2026-04-05 12:20:27,881 - crawler - INFO - 滚动页面加载更多...
2026-04-05 12:20:30,894 - crawler - INFO - 滚动页面加载更多...
2026-04-05 12:20:33,912 - crawler - INFO - 滚动页面加载更多...
2026-04-05 12:20:36,926 - crawler - INFO - 爬取笔记 29/30: 68c3a283000000001d026edc
2026-04-05 12:20:37,963 - crawler - WARNING - 找不到笔记元素：68c3a283000000001d026edc
2026-04-05 12:20:37,963 - crawler - INFO - 滚动页面加载更多...
2026-04-05 12:20:40,989 - crawler - INFO - 滚动页面加载更多...
2026-04-05 12:20:44,011 - crawler - INFO - 滚动页面加载更多...
2026-04-05 12:20:47,026 - crawler - INFO - 滚动页面加载更多...
2026-04-05 12:20:50,046 - crawler - INFO - 滚动页面加载更多...
2026-04-05 12:20:53,066 - crawler - INFO - 滚动页面加载更多...
2026-04-05 12:20:56,085 - crawler - INFO - 滚动页面加载更多...
2026-04-05 12:20:59,104 - crawler - INFO - 滚动页面加载更多...
2026-04-05 12:21:02,130 - crawler - INFO - 滚动页面加载更多...
2026-04-05 12:21:05,148 - crawler - INFO - 滚动页面加载更多...
2026-04-05 12:21:08,173 - crawler - INFO - 滚动页面加载更多...
2026-04-05 12:21:11,185 - crawler - INFO - 滚动页面加载更多...
2026-04-05 12:21:14,201 - crawler - INFO - 滚动页面加载更多...
2026-04-05 12:21:17,214 - crawler - INFO - 滚动页面加载更多...
2026-04-05 12:21:20,233 - crawler - INFO - 滚动页面加载更多...
2026-04-05 12:21:23,254 - crawler - INFO - 爬取笔记 29/30: 698741a7000000000903a651
2026-04-05 12:21:24,295 - crawler - WARNING - 找不到笔记元素：698741a7000000000903a651
2026-04-05 12:21:24,295 - crawler - INFO - 爬取笔记 29/30: 686d00770000000013011423
2026-04-05 12:21:25,336 - crawler - WARNING - 找不到笔记元素：686d00770000000013011423
2026-04-05 12:21:25,337 - crawler - INFO - 爬取笔记 29/30: 6978b1a7000000001a0223c2
2026-04-05 12:21:26,370 - crawler - WARNING - 找不到笔记元素：6978b1a7000000001a0223c2
2026-04-05 12:21:26,371 - crawler - INFO - 爬取笔记 29/30: 66d51e71000000001f014247
2026-04-05 12:21:27,409 - crawler - WARNING - 找不到笔记元素：66d51e71000000001f014247
2026-04-05 12:21:27,409 - crawler - INFO - 爬取笔记 29/30: 67f00a3d000000000b016f2b
2026-04-05 12:21:28,442 - crawler - WARNING - 找不到笔记元素：67f00a3d000000000b016f2b
2026-04-05 12:21:28,442 - crawler - INFO - 爬取笔记 29/30: 69ce60f0000000001a030ac9
2026-04-05 12:21:29,479 - crawler - WARNING - 找不到笔记元素：69ce60f0000000001a030ac9
2026-04-05 12:21:29,480 - crawler - INFO - 爬取笔记 29/30: 69905c99000000001a027d09
2026-04-05 12:21:30,511 - crawler - WARNING - 找不到笔记元素：69905c99000000001a027d09
2026-04-05 12:21:30,512 - crawler - INFO - 滚动页面加载更多...
2026-04-05 12:21:33,523 - crawler - INFO - 滚动页面加载更多...
2026-04-05 12:21:36,546 - crawler - INFO - 滚动页面加载更多...
2026-04-05 12:21:39,565 - crawler - INFO - 滚动页面加载更多...
2026-04-05 12:21:42,589 - crawler - INFO - 滚动页面加载更多...
2026-04-05 12:21:45,599 - crawler - INFO - 滚动页面加载更多...
2026-04-05 12:21:48,618 - crawler - INFO - 滚动页面加载更多...
2026-04-05 12:21:51,633 - crawler - INFO - 滚动页面加载更多...
2026-04-05 12:21:54,649 - crawler - INFO - 滚动页面加载更多...
2026-04-05 12:21:57,670 - crawler - INFO - 滚动页面加载更多...
2026-04-05 12:22:00,697 - crawler - INFO - 滚动页面加载更多...
2026-04-05 12:22:03,709 - crawler - INFO - 滚动页面加载更多...
2026-04-05 12:22:06,730 - crawler - INFO - 滚动页面加载更多...
2026-04-05 12:22:09,750 - crawler - INFO - 滚动页面加载更多...
2026-04-05 12:22:12,775 - crawler - INFO - 滚动页面加载更多...
2026-04-05 12:22:15,799 - crawler - INFO - 爬取笔记 29/30: 69bfed020000000021007de0
2026-04-05 12:22:16,829 - crawler - WARNING - 找不到笔记元素：69bfed020000000021007de0
2026-04-05 12:22:16,830 - crawler - INFO - 滚动页面加载更多...
2026-04-05 12:22:19,853 - crawler - INFO - 滚动页面加载更多...
2026-04-05 12:22:22,866 - crawler - INFO - 滚动页面加载更多...
2026-04-05 12:22:25,888 - crawler - INFO - 滚动页面加载更多...
2026-04-05 12:22:28,913 - crawler - INFO - 滚动页面加载更多...
2026-04-05 12:22:31,935 - crawler - INFO - 滚动页面加载更多...
2026-04-05 12:22:34,954 - crawler - INFO - 滚动页面加载更多...
2026-04-05 12:22:37,973 - crawler - INFO - 滚动页面加载更多...
2026-04-05 12:22:40,991 - crawler - INFO - 滚动页面加载更多...
2026-04-05 12:22:44,013 - crawler - INFO - 滚动页面加载更多...
2026-04-05 12:22:47,027 - crawler - INFO - 滚动页面加载更多...
2026-04-05 12:22:50,049 - crawler - INFO - 滚动页面加载更多...
2026-04-05 12:22:53,075 - crawler - INFO - 滚动页面加载更多...
2026-04-05 12:22:56,090 - crawler - INFO - 滚动页面加载更多...
2026-04-05 12:22:59,106 - crawler - INFO - 滚动页面加载更多...
2026-04-05 12:23:02,127 - crawler - INFO - 滚动页面加载更多...
2026-04-05 12:23:05,139 - crawler - INFO - 爬取笔记 29/30: 69a9b01c000000002202f9f3
2026-04-05 12:23:06,183 - crawler - WARNING - 找不到笔记元素：69a9b01c000000002202f9f3
2026-04-05 12:23:06,183 - crawler - INFO - 爬取笔记 29/30: 66c44f71000000001f01dc5a
2026-04-05 12:23:07,212 - crawler - WARNING - 找不到笔记元素：66c44f71000000001f01dc5a
2026-04-05 12:23:07,213 - crawler - INFO - 爬取笔记 29/30: 6947e676000000001f006885
2026-04-05 12:23:08,275 - crawler - WARNING - 找不到笔记元素：6947e676000000001f006885
2026-04-05 12:23:08,275 - crawler - INFO - 爬取笔记 29/30: 69bd533a000000001d018d71
2026-04-05 12:23:09,313 - crawler - WARNING - 找不到笔记元素：69bd533a000000001d018d71
2026-04-05 12:23:09,313 - crawler - INFO - 爬取笔记 29/30: 69cbc7560000000023011ab1
2026-04-05 12:23:10,355 - crawler - WARNING - 找不到笔记元素：69cbc7560000000023011ab1
2026-04-05 12:23:10,355 - crawler - INFO - 爬取笔记 29/30: 69cdd6df000000001a02f23f
2026-04-05 12:23:11,387 - crawler - WARNING - 找不到笔记元素：69cdd6df000000001a02f23f
2026-04-05 12:23:11,388 - crawler - INFO - 爬取笔记 29/30: 67cfde8b0000000029034ceb
2026-04-05 12:23:12,425 - crawler - WARNING - 找不到笔记元素：67cfde8b0000000029034ceb
2026-04-05 12:23:12,425 - crawler - INFO - 爬取笔记 29/30: 69cbb8dd000000001f005e82
2026-04-05 12:23:13,463 - crawler - WARNING - 找不到笔记元素：69cbb8dd000000001f005e82
2026-04-05 12:23:13,464 - crawler - INFO - 爬取笔记 29/30: 66ed6d940000000026033564
2026-04-05 12:23:14,506 - crawler - WARNING - 找不到笔记元素：66ed6d940000000026033564
2026-04-05 12:23:14,507 - crawler - INFO - 滚动页面加载更多...
2026-04-05 12:23:17,525 - crawler - INFO - 滚动页面加载更多...
2026-04-05 12:23:20,540 - crawler - INFO - 滚动页面加载更多...
2026-04-05 12:23:23,564 - crawler - INFO - 滚动页面加载更多...
2026-04-05 12:23:26,582 - crawler - INFO - 滚动页面加载更多...
2026-04-05 12:23:29,595 - crawler - INFO - 滚动页面加载更多...
2026-04-05 12:23:32,610 - crawler - INFO - 滚动页面加载更多...
2026-04-05 12:23:35,630 - crawler - INFO - 滚动页面加载更多...
2026-04-05 12:23:38,652 - crawler - INFO - 滚动页面加载更多...
2026-04-05 12:23:41,680 - crawler - INFO - 滚动页面加载更多...
2026-04-05 12:23:44,695 - crawler - INFO - 滚动页面加载更多...
2026-04-05 12:23:47,718 - crawler - INFO - 滚动页面加载更多...
2026-04-05 12:23:50,741 - crawler - INFO - 滚动页面加载更多...
2026-04-05 12:23:53,757 - crawler - INFO - 滚动页面加载更多...
2026-04-05 12:23:56,771 - crawler - INFO - 滚动页面加载更多...
2026-04-05 12:23:59,782 - crawler - INFO - 滚动页面加载更多...
2026-04-05 12:24:02,797 - crawler - INFO - 滚动页面加载更多...
2026-04-05 12:24:05,818 - crawler - INFO - 爬取笔记 29/30: 679ba67e0000000018010e0e
2026-04-05 12:24:06,847 - crawler - WARNING - 找不到笔记元素：679ba67e0000000018010e0e
2026-04-05 12:24:06,848 - crawler - INFO - 爬取笔记 29/30: 6741b3ce00000000020184fe
2026-04-05 12:24:07,874 - crawler - WARNING - 找不到笔记元素：6741b3ce00000000020184fe
2026-04-05 12:24:07,874 - crawler - INFO - 爬取笔记 29/30: 68bba011000000001d018a10
2026-04-05 12:24:08,916 - crawler - WARNING - 找不到笔记元素：68bba011000000001d018a10
2026-04-05 12:24:08,917 - crawler - INFO - 爬取笔记 29/30: 69bbbafe000000002200dd50
2026-04-05 12:24:09,958 - crawler - WARNING - 找不到笔记元素：69bbbafe000000002200dd50
2026-04-05 12:24:09,959 - crawler - INFO - 爬取笔记 29/30: 6721f3e9000000001a01cb28
2026-04-05 12:24:11,000 - crawler - WARNING - 找不到笔记元素：6721f3e9000000001a01cb28
2026-04-05 12:24:11,000 - crawler - INFO - 爬取笔记 29/30: 694692e7000000001e03832d
2026-04-05 12:24:12,070 - crawler - WARNING - 找不到笔记元素：694692e7000000001e03832d
2026-04-05 12:24:12,071 - crawler - INFO - 爬取笔记 29/30: 69a2d10c000000002801fe9f
2026-04-05 12:24:13,111 - crawler - WARNING - 找不到笔记元素：69a2d10c000000002801fe9f
2026-04-05 12:24:13,112 - crawler - INFO - 滚动页面加载更多...
2026-04-05 12:24:16,132 - crawler - INFO - 滚动页面加载更多...
2026-04-05 12:24:19,157 - crawler - INFO - 滚动页面加载更多...
2026-04-05 12:24:22,181 - crawler - INFO - 滚动页面加载更多...
2026-04-05 12:24:25,196 - crawler - INFO - 滚动页面加载更多...
2026-04-05 12:24:28,212 - crawler - INFO - 滚动页面加载更多...
2026-04-05 12:24:31,234 - crawler - INFO - 滚动页面加载更多...
2026-04-05 12:24:34,258 - crawler - INFO - 滚动页面加载更多...
2026-04-05 12:24:37,276 - crawler - INFO - 滚动页面加载更多...
2026-04-05 12:24:40,304 - crawler - INFO - 滚动页面加载更多...
2026-04-05 12:24:43,317 - crawler - INFO - 滚动页面加载更多...
2026-04-05 12:24:46,337 - crawler - INFO - 滚动页面加载更多...
2026-04-05 12:24:49,361 - crawler - INFO - 滚动页面加载更多...
2026-04-05 12:24:52,379 - crawler - INFO - 滚动页面加载更多...
2026-04-05 12:24:55,405 - crawler - INFO - 滚动页面加载更多...
2026-04-05 12:24:58,431 - crawler - INFO - 滚动页面加载更多...
2026-04-05 12:25:01,446 - crawler - INFO - 滚动页面加载更多...
2026-04-05 12:25:04,465 - crawler - INFO - 滚动页面加载更多...
2026-04-05 12:25:07,483 - crawler - INFO - 爬取笔记 29/30: 69778d08000000002103f380
2026-04-05 12:25:08,529 - crawler - WARNING - 找不到笔记元素：69778d08000000002103f380
2026-04-05 12:25:08,529 - crawler - INFO - 爬取笔记 29/30: 69cf065a0000000023021d7f
2026-04-05 12:25:09,595 - crawler - WARNING - 找不到笔记元素：69cf065a0000000023021d7f
2026-04-05 12:25:09,596 - crawler - INFO - 爬取笔记 29/30: 68bfe01d000000001d01b420
2026-04-05 12:25:10,634 - crawler - WARNING - 找不到笔记元素：68bfe01d000000001d01b420
2026-04-05 12:25:10,634 - crawler - INFO - 爬取笔记 29/30: 69b605f6000000001d018709
2026-04-05 12:25:11,669 - crawler - WARNING - 找不到笔记元素：69b605f6000000001d018709
2026-04-05 12:25:11,669 - crawler - INFO - 爬取笔记 29/30: 69ca925b000000001a024438
2026-04-05 12:25:12,708 - crawler - WARNING - 找不到笔记元素：69ca925b000000001a024438
2026-04-05 12:25:12,709 - crawler - INFO - 爬取笔记 29/30: 69aa9bb8000000002603fa9b
2026-04-05 12:25:13,727 - crawler - WARNING - 找不到笔记元素：69aa9bb8000000002603fa9b
2026-04-05 12:25:13,728 - crawler - INFO - 爬取笔记 29/30: 695e2115000000001a01c37e
2026-04-05 12:25:14,757 - crawler - WARNING - 找不到笔记元素：695e2115000000001a01c37e
2026-04-05 12:25:14,757 - crawler - INFO - 爬取笔记 29/30: 68947bfa000000002501e7a9
2026-04-05 12:25:15,802 - crawler - WARNING - 找不到笔记元素：68947bfa000000002501e7a9
2026-04-05 12:25:15,803 - crawler - INFO - 爬取笔记 29/30: 66cf316d000000001f03d303
2026-04-05 12:25:16,839 - crawler - WARNING - 找不到笔记元素：66cf316d000000001f03d303
2026-04-05 12:25:16,839 - crawler - INFO - 滚动页面加载更多...
2026-04-05 12:25:19,863 - crawler - INFO - 滚动页面加载更多...
2026-04-05 12:25:22,878 - crawler - INFO - 滚动页面加载更多...
2026-04-05 12:25:25,891 - crawler - INFO - 滚动页面加载更多...
2026-04-05 12:25:28,906 - crawler - INFO - 滚动页面加载更多...
2026-04-05 12:25:31,916 - crawler - INFO - 滚动页面加载更多...
2026-04-05 12:25:34,940 - crawler - INFO - 滚动页面加载更多...
2026-04-05 12:25:37,960 - crawler - INFO - 滚动页面加载更多...
2026-04-05 12:25:40,971 - crawler - INFO - 滚动页面加载更多...
2026-04-05 12:25:43,990 - crawler - INFO - 滚动页面加载更多...
2026-04-05 12:25:47,011 - crawler - INFO - 滚动页面加载更多...
2026-04-05 12:25:50,037 - crawler - INFO - 滚动页面加载更多...
2026-04-05 12:25:53,051 - crawler - INFO - 滚动页面加载更多...
2026-04-05 12:25:56,066 - crawler - INFO - 滚动页面加载更多...
2026-04-05 12:25:59,084 - crawler - INFO - 滚动页面加载更多...
2026-04-05 12:26:02,108 - crawler - INFO - 滚动页面加载更多...
2026-04-05 12:26:05,130 - crawler - INFO - 滚动页面加载更多...
2026-04-05 12:26:08,151 - crawler - INFO - 滚动页面加载更多...
2026-04-05 12:26:11,172 - crawler - INFO - 滚动页面加载更多...
2026-04-05 12:26:14,192 - crawler - INFO - 爬取笔记 29/30: 6971e27300000000220209b3
2026-04-05 12:26:15,224 - crawler - WARNING - 找不到笔记元素：6971e27300000000220209b3
2026-04-05 12:26:15,225 - crawler - INFO - 爬取笔记 29/30: 69c380560000000021039b2b
2026-04-05 12:26:16,263 - crawler - WARNING - 找不到笔记元素：69c380560000000021039b2b
2026-04-05 12:26:16,263 - crawler - INFO - 爬取笔记 29/30: 69ca36e6000000002102ddb2
2026-04-05 12:26:17,296 - crawler - WARNING - 找不到笔记元素：69ca36e6000000002102ddb2
2026-04-05 12:26:17,297 - crawler - INFO - 爬取笔记 29/30: 69bfe536000000001a02b1e5
2026-04-05 12:26:18,334 - crawler - WARNING - 找不到笔记元素：69bfe536000000001a02b1e5
2026-04-05 12:26:18,334 - crawler - INFO - 爬取笔记 29/30: 67908a870000000028035864
2026-04-05 12:26:19,364 - crawler - WARNING - 找不到笔记元素：67908a870000000028035864
2026-04-05 12:26:19,364 - crawler - INFO - 爬取笔记 29/30: 69c339840000000023025823
2026-04-05 12:26:20,401 - crawler - WARNING - 找不到笔记元素：69c339840000000023025823
2026-04-05 12:26:20,401 - crawler - INFO - 爬取笔记 29/30: 6942e158000000001b02160e
2026-04-05 12:26:21,440 - crawler - WARNING - 找不到笔记元素：6942e158000000001b02160e
2026-04-05 12:26:21,440 - crawler - INFO - 爬取笔记 29/30: 675eb1a8000000000102b899
2026-04-05 12:26:22,483 - crawler - WARNING - 找不到笔记元素：675eb1a8000000000102b899
2026-04-05 12:26:22,483 - crawler - INFO - 爬取笔记 29/30: 69c89da5000000001e00f16b
2026-04-05 12:26:23,526 - crawler - WARNING - 找不到笔记元素：69c89da5000000001e00f16b
2026-04-05 12:26:23,527 - crawler - INFO - 滚动页面加载更多...
2026-04-05 12:26:26,552 - crawler - INFO - 滚动页面加载更多...
2026-04-05 12:26:29,571 - crawler - INFO - 滚动页面加载更多...
2026-04-05 12:26:32,590 - crawler - INFO - 滚动页面加载更多...
2026-04-05 12:26:35,611 - crawler - INFO - 滚动页面加载更多...
2026-04-05 12:26:38,625 - crawler - INFO - 滚动页面加载更多...
2026-04-05 12:26:41,646 - crawler - INFO - 滚动页面加载更多...
2026-04-05 12:26:44,669 - crawler - INFO - 滚动页面加载更多...
2026-04-05 12:26:47,688 - crawler - INFO - 滚动页面加载更多...
2026-04-05 12:26:50,711 - crawler - INFO - 滚动页面加载更多...
2026-04-05 12:26:53,728 - crawler - INFO - 滚动页面加载更多...
2026-04-05 12:26:56,743 - crawler - INFO - 滚动页面加载更多...
2026-04-05 12:26:59,768 - crawler - INFO - 滚动页面加载更多...
2026-04-05 12:27:02,789 - crawler - INFO - 滚动页面加载更多...
2026-04-05 12:27:05,805 - crawler - INFO - 滚动页面加载更多...
2026-04-05 12:27:08,823 - crawler - INFO - 滚动页面加载更多...
2026-04-05 12:27:11,844 - crawler - INFO - 滚动页面加载更多...
2026-04-05 12:27:14,858 - crawler - INFO - 滚动页面加载更多...
2026-04-05 12:27:17,876 - crawler - INFO - 滚动页面加载更多...
2026-04-05 12:27:20,897 - crawler - INFO - 滚动页面加载更多...
2026-04-05 12:27:23,920 - crawler - INFO - 爬取笔记 29/30: 69c2e04a000000002200c60e
2026-04-05 12:27:24,957 - crawler - WARNING - 找不到笔记元素：69c2e04a000000002200c60e
2026-04-05 12:27:24,958 - crawler - INFO - 爬取笔记 29/30: 69cbd0fc000000002800a4dc
2026-04-05 12:27:25,989 - crawler - WARNING - 找不到笔记元素：69cbd0fc000000002800a4dc
2026-04-05 12:27:25,990 - crawler - INFO - 爬取笔记 29/30: 69cf95e1000000001a02084a
2026-04-05 12:27:27,029 - crawler - WARNING - 找不到笔记元素：69cf95e1000000001a02084a
2026-04-05 12:27:27,030 - crawler - INFO - 爬取笔记 29/30: 697f4563000000001a0212a6
2026-04-05 12:27:28,072 - crawler - WARNING - 找不到笔记元素：697f4563000000001a0212a6
2026-04-05 12:27:28,073 - crawler - INFO - 爬取笔记 29/30: 699ed9df0000000022023e35
2026-04-05 12:27:29,102 - crawler - WARNING - 找不到笔记元素：699ed9df0000000022023e35
2026-04-05 12:27:29,102 - crawler - INFO - 爬取笔记 29/30: 676ccf75000000000b01647a
2026-04-05 12:27:30,141 - crawler - WARNING - 找不到笔记元素：676ccf75000000000b01647a
2026-04-05 12:27:30,141 - crawler - INFO - 爬取笔记 29/30: 69cfa52a000000002200347e
2026-04-05 12:27:31,172 - crawler - WARNING - 找不到笔记元素：69cfa52a000000002200347e
2026-04-05 12:27:31,172 - crawler - INFO - 爬取笔记 29/30: 69be4470000000001a024ce9
2026-04-05 12:27:32,208 - crawler - WARNING - 找不到笔记元素：69be4470000000001a024ce9
2026-04-05 12:27:32,209 - crawler - INFO - 爬取笔记 29/30: 69c80445000000001d018d7e
2026-04-05 12:27:33,253 - crawler - WARNING - 找不到笔记元素：69c80445000000001d018d7e
2026-04-05 12:27:33,254 - crawler - INFO - 滚动页面加载更多...
2026-04-05 12:27:36,271 - crawler - INFO - 滚动页面加载更多...
2026-04-05 12:27:39,293 - crawler - INFO - 滚动页面加载更多...
2026-04-05 12:27:42,307 - crawler - INFO - 滚动页面加载更多...
2026-04-05 12:27:45,329 - crawler - INFO - 滚动页面加载更多...
2026-04-05 12:27:48,347 - crawler - INFO - 滚动页面加载更多...
2026-04-05 12:27:51,363 - crawler - INFO - 滚动页面加载更多...
2026-04-05 12:27:54,379 - crawler - INFO - 滚动页面加载更多...
2026-04-05 12:27:57,393 - crawler - INFO - 滚动页面加载更多...
2026-04-05 12:28:00,411 - crawler - INFO - 滚动页面加载更多...
2026-04-05 12:28:03,431 - crawler - INFO - 滚动页面加载更多...
2026-04-05 12:28:06,449 - crawler - INFO - 滚动页面加载更多...
2026-04-05 12:28:09,468 - crawler - INFO - 滚动页面加载更多...
2026-04-05 12:28:12,488 - crawler - INFO - 滚动页面加载更多...
2026-04-05 12:28:15,504 - crawler - INFO - 滚动页面加载更多...
2026-04-05 12:28:18,525 - crawler - INFO - 滚动页面加载更多...
2026-04-05 12:28:21,547 - crawler - INFO - 滚动页面加载更多...
2026-04-05 12:28:24,572 - crawler - INFO - 滚动页面加载更多...
2026-04-05 12:28:27,591 - crawler - INFO - 滚动页面加载更多...
2026-04-05 12:28:30,607 - crawler - INFO - 滚动页面加载更多...
2026-04-05 12:28:33,620 - crawler - INFO - 滚动页面加载更多...
2026-04-05 12:28:36,643 - crawler - INFO - 爬取笔记 29/30: 69cbcdc5000000001d01cd5d
2026-04-05 12:28:37,683 - crawler - WARNING - 找不到笔记元素：69cbcdc5000000001d01cd5d
2026-04-05 12:28:37,684 - crawler - INFO - 爬取笔记 29/30: 637b65a0000000000d02c2fa
2026-04-05 12:28:38,730 - crawler - WARNING - 找不到笔记元素：637b65a0000000000d02c2fa
2026-04-05 12:28:38,730 - crawler - INFO - 爬取笔记 29/30: 637c878d0000000011036dd7
2026-04-05 12:28:39,767 - crawler - WARNING - 找不到笔记元素：637c878d0000000011036dd7
2026-04-05 12:28:39,767 - crawler - INFO - 爬取笔记 29/30: 657c28ff000000003801dd78
2026-04-05 12:28:40,807 - crawler - WARNING - 找不到笔记元素：657c28ff000000003801dd78
2026-04-05 12:28:40,808 - crawler - INFO - 爬取笔记 29/30: 636b429a00000000090019e1
2026-04-05 12:28:41,857 - crawler - WARNING - 找不到笔记元素：636b429a00000000090019e1
2026-04-05 12:28:41,857 - crawler - INFO - 爬取笔记 29/30: 658d7916000000000f030808
2026-04-05 12:28:42,890 - crawler - WARNING - 找不到笔记元素：658d7916000000000f030808
2026-04-05 12:28:42,890 - crawler - INFO - 爬取笔记 29/30: 69ba7c4f000000001f0050c1
2026-04-05 12:28:43,929 - crawler - WARNING - 找不到笔记元素：69ba7c4f000000001f0050c1
2026-04-05 12:28:43,929 - crawler - INFO - 爬取笔记 29/30: 68f0a2480000000003019c2c
2026-04-05 12:28:44,958 - crawler - WARNING - 找不到笔记元素：68f0a2480000000003019c2c
2026-04-05 12:28:44,958 - crawler - INFO - 滚动页面加载更多...
2026-04-05 12:28:47,980 - crawler - INFO - 滚动页面加载更多...
2026-04-05 12:28:50,998 - crawler - INFO - 滚动页面加载更多...
2026-04-05 12:28:54,013 - crawler - INFO - 滚动页面加载更多...
2026-04-05 12:28:57,033 - crawler - INFO - 滚动页面加载更多...
2026-04-05 12:29:00,046 - crawler - INFO - 滚动页面加载更多...
2026-04-05 12:29:03,068 - crawler - INFO - 滚动页面加载更多...
2026-04-05 12:29:06,090 - crawler - INFO - 滚动页面加载更多...
2026-04-05 12:29:09,108 - crawler - INFO - 滚动页面加载更多...
2026-04-05 12:29:12,133 - crawler - INFO - 滚动页面加载更多...
2026-04-05 12:29:15,158 - crawler - INFO - 滚动页面加载更多...
2026-04-05 12:29:18,175 - crawler - INFO - 滚动页面加载更多...
2026-04-05 12:29:21,195 - crawler - INFO - 滚动页面加载更多...
2026-04-05 12:29:24,210 - crawler - INFO - 滚动页面加载更多...
2026-04-05 12:29:27,230 - crawler - INFO - 滚动页面加载更多...
2026-04-05 12:29:30,241 - crawler - INFO - 滚动页面加载更多...
2026-04-05 12:29:33,265 - crawler - INFO - 滚动页面加载更多...
2026-04-05 12:29:36,278 - crawler - INFO - 滚动页面加载更多...
2026-04-05 12:29:39,305 - crawler - INFO - 滚动页面加载更多...
2026-04-05 12:29:42,317 - crawler - INFO - 滚动页面加载更多...
2026-04-05 12:29:45,330 - crawler - INFO - 滚动页面加载更多...
2026-04-05 12:29:48,343 - crawler - INFO - 滚动页面加载更多...
2026-04-05 12:29:51,368 - crawler - INFO - 爬取笔记 29/30: 68c99467000000001301def7
2026-04-05 12:29:52,405 - crawler - WARNING - 找不到笔记元素：68c99467000000001301def7
2026-04-05 12:29:52,406 - crawler - INFO - 爬取笔记 29/30: 69cf536b000000001a027607
2026-04-05 12:29:53,442 - crawler - WARNING - 找不到笔记元素：69cf536b000000001a027607
2026-04-05 12:29:53,442 - crawler - INFO - 爬取笔记 29/30: 69412a47000000001e010491
2026-04-05 12:29:54,491 - crawler - WARNING - 找不到笔记元素：69412a47000000001e010491
2026-04-05 12:29:54,491 - crawler - INFO - 爬取笔记 29/30: 673ed5720000000002038a56
2026-04-05 12:29:55,533 - crawler - WARNING - 找不到笔记元素：673ed5720000000002038a56
2026-04-05 12:29:55,534 - crawler - INFO - 爬取笔记 29/30: 683ecbe0000000000f03aff7
2026-04-05 12:29:56,567 - crawler - WARNING - 找不到笔记元素：683ecbe0000000000f03aff7
2026-04-05 12:29:56,567 - crawler - INFO - 滚动页面加载更多...
2026-04-05 12:29:59,592 - crawler - INFO - 滚动页面加载更多...
2026-04-05 12:30:02,604 - crawler - INFO - 滚动页面加载更多...
2026-04-05 12:30:05,623 - crawler - INFO - 滚动页面加载更多...
2026-04-05 12:30:08,636 - crawler - INFO - 滚动页面加载更多...
2026-04-05 12:30:11,651 - crawler - INFO - 滚动页面加载更多...
2026-04-05 12:30:14,675 - crawler - INFO - 滚动页面加载更多...
2026-04-05 12:30:17,698 - crawler - INFO - 滚动页面加载更多...
2026-04-05 12:30:20,712 - crawler - INFO - 滚动页面加载更多...
2026-04-05 12:30:23,722 - crawler - INFO - 滚动页面加载更多...
2026-04-05 12:30:26,740 - crawler - INFO - 滚动页面加载更多...
2026-04-05 12:30:29,767 - crawler - INFO - 滚动页面加载更多...
2026-04-05 12:30:32,781 - crawler - INFO - 滚动页面加载更多...
2026-04-05 12:30:35,805 - crawler - INFO - 滚动页面加载更多...
2026-04-05 12:30:38,818 - crawler - INFO - 滚动页面加载更多...
2026-04-05 12:30:41,839 - crawler - INFO - 滚动页面加载更多...
2026-04-05 12:30:44,848 - crawler - INFO - 滚动页面加载更多...
2026-04-05 12:30:46,138 - crawler - ERROR - 爬取失败：Page.wait_for_timeout: Target page, context or browser has been closed
2026-04-05 12:30:46,139 - crawler - ERROR - Traceback (most recent call last):
  File "E:\Yan.doument2\programming exercises\python\小红书爆款脚本\crawler.py", line 528, in crawl
    page.wait_for_timeout(3000)
  File "C:\Yan.All\Anaconda\Lib\site-packages\playwright\sync_api\_generated.py", line 11536, in wait_for_timeout
    self._sync(self._impl_obj.wait_for_timeout(timeout=timeout))
  File "C:\Yan.All\Anaconda\Lib\site-packages\playwright\_impl\_sync_base.py", line 115, in _sync
    return task.result()
           ^^^^^^^^^^^^^
  File "C:\Yan.All\Anaconda\Lib\site-packages\playwright\_impl\_page.py", line 1101, in wait_for_timeout
    await self._main_frame.wait_for_timeout(timeout)
  File "C:\Yan.All\Anaconda\Lib\site-packages\playwright\_impl\_frame.py", line 862, in wait_for_timeout
    await self._channel.send("waitForTimeout", None, {"waitTimeout": timeout})
  File "C:\Yan.All\Anaconda\Lib\site-packages\playwright\_impl\_connection.py", line 69, in send
    return await self._connection.wrap_api_call(
           ^^^^^^^^^^^^^^^^^^^^^^^^^^^^^^^^^^^^^
  File "C:\Yan.All\Anaconda\Lib\site-packages\playwright\_impl\_connection.py", line 559, in wrap_api_call
    raise rewrite_error(error, f"{parsed_st['apiName']}: {error}") from None
playwright._impl._errors.TargetClosedError: Page.wait_for_timeout: Target page, context or browser has been closed

2026-04-05 12:38:14,325 - crawler - INFO - 开始爬取，关键词：黑丝, 数量：30
2026-04-05 12:38:15,383 - crawler - INFO - 访问搜索页面：https://www.xiaohongshu.com/search_result?keyword=黑丝&source=web_explore_feed
2026-04-05 12:38:21,521 - crawler - INFO - 提取初始笔记列表...
2026-04-05 12:38:21,536 - crawler - INFO - 初始页面找到 28 篇笔记
2026-04-05 12:38:21,536 - crawler - INFO - 爬取笔记 1/30: 69b23ef9000000002603f71d
2026-04-05 12:38:29,088 - crawler - INFO - 成功获取笔记：浪莎才是御姐穿搭精髓...
2026-04-05 12:38:31,100 - crawler - INFO - 爬取笔记 2/30: 6971ef60000000001a037e90
2026-04-05 12:38:38,583 - crawler - INFO - 成功获取笔记：浪莎才是御姐穿搭精髓...
2026-04-05 12:38:40,605 - crawler - INFO - 爬取笔记 3/30: 69a2a520000000001d01051c
2026-04-05 12:38:48,082 - crawler - INFO - 成功获取笔记：浪莎才是御姐穿搭精髓...
2026-04-05 12:38:50,089 - crawler - INFO - 爬取笔记 4/30: 69380d08000000001e0391f3
2026-04-05 12:38:57,552 - crawler - INFO - 成功获取笔记：浪莎才是御姐穿搭精髓...
2026-04-05 12:38:59,562 - crawler - INFO - 爬取笔记 5/30: 69a514a8000000002202da25
2026-04-05 12:39:07,061 - crawler - INFO - 成功获取笔记：浪莎才是御姐穿搭精髓...
2026-04-05 12:39:09,082 - crawler - INFO - 爬取笔记 6/30: 6905b112000000000401087e
2026-04-05 12:56:44,527 - crawler - INFO - 开始爬取，关键词：黑丝, 数量：30
2026-04-05 12:57:28,085 - crawler - INFO - 开始爬取，关键词：黑丝, 数量：30
2026-04-05 12:57:29,036 - crawler - INFO - 访问搜索页面：https://www.xiaohongshu.com/search_result?keyword=黑丝&source=web_explore_feed
2026-04-05 12:57:35,544 - crawler - INFO - 提取初始笔记列表...
2026-04-05 12:57:35,561 - crawler - INFO - 初始页面找到 28 篇笔记
2026-04-05 12:57:35,561 - crawler - INFO - 爬取笔记 1/30: 69b23ef9000000002603f71d
2026-04-05 12:57:46,662 - crawler - INFO - 成功获取笔记：浪莎才是御姐穿搭精髓...
2026-04-05 12:57:48,682 - crawler - INFO - 爬取笔记 2/30: 6971ef60000000001a037e90
2026-04-05 12:57:59,690 - crawler - INFO - 成功获取笔记：属于我们女人的黑丝在哪里...
2026-04-05 12:58:01,704 - crawler - INFO - 爬取笔记 3/30: 69a2a520000000001d01051c
2026-04-05 12:58:12,717 - crawler - INFO - 成功获取笔记：这条高级感马油袜让我直接焊在腿上...
2026-04-05 12:58:14,734 - crawler - INFO - 爬取笔记 4/30: 69380d08000000001e0391f3
2026-04-05 12:58:25,719 - crawler - INFO - 成功获取笔记：漂亮的医生姐姐我又来啦~...
2026-04-05 12:58:27,738 - crawler - INFO - 爬取笔记 5/30: 69a514a8000000002202da25
2026-04-05 12:58:38,737 - crawler - INFO - 成功获取笔记：御姐穿搭...
2026-04-05 12:58:40,753 - crawler - INFO - 爬取笔记 6/30: 6905b112000000000401087e
2026-04-05 12:58:51,761 - crawler - INFO - 成功获取笔记：有时候爱情比金钱更重要！...
2026-04-05 12:58:53,781 - crawler - INFO - 爬取笔记 7/30: 69ad2dde000000000d00ba2e
2026-04-05 12:59:07,757 - crawler - INFO - 成功获取笔记：无标题...
2026-04-05 12:59:09,775 - crawler - INFO - 爬取笔记 8/30: 6959cb7b000000001e00fb9b
2026-04-05 12:59:20,887 - crawler - INFO - 成功获取笔记：🖤...
2026-04-05 12:59:22,911 - crawler - INFO - 爬取笔记 9/30: 671c65da0000000021006aef
2026-04-05 12:59:33,922 - crawler - INFO - 成功获取笔记：舍友吐槽：不就是见男友至于买这么多黑丝吗...
2026-04-05 12:59:35,940 - crawler - INFO - 爬取笔记 10/30: 695d5962000000001a02b7ed
2026-04-05 12:59:46,986 - crawler - INFO - 成功获取笔记：御是一种感觉 ｡𖦹°‧...
2026-04-05 12:59:48,994 - crawler - INFO - 爬取笔记 11/30: 6872392d000000002201e0ea
2026-04-05 12:59:59,974 - crawler - INFO - 成功获取笔记：俗日困我...
2026-04-05 13:00:01,993 - crawler - INFO - 爬取笔记 12/30: 6918a9b80000000004007d5b
2026-04-05 13:00:15,984 - crawler - INFO - 成功获取笔记：无标题...
2026-04-05 13:00:17,992 - crawler - INFO - 爬取笔记 13/30: 692e65bd000000001e038de9
2026-04-05 13:00:29,009 - crawler - INFO - 成功获取笔记：不懂厚黑的有难了...
2026-04-05 13:00:31,023 - crawler - INFO - 爬取笔记 14/30: 6913fa7600000000050138f1
2026-04-05 13:00:42,034 - crawler - INFO - 成功获取笔记：我就是你的解药⋆⁺₊✧ 🖤ྀིྀི...
2026-04-05 13:00:44,049 - crawler - INFO - 爬取笔记 15/30: 69a2c4b7000000001a02c79b
2026-04-05 13:00:55,013 - crawler - INFO - 成功获取笔记：报告！本严肃跑者今日有氧9公里...
2026-04-05 13:00:57,030 - crawler - INFO - 爬取笔记 16/30: 693154d9000000001b026967
2026-04-05 13:01:08,046 - crawler - INFO - 成功获取笔记：“拥有 绝对的错觉”...
2026-04-05 13:01:10,063 - crawler - INFO - 爬取笔记 17/30: 6930e9c5000000001e037d81
2026-04-05 13:01:21,072 - crawler - INFO - 成功获取笔记：围着我转就好了 你哪有那么多自己的事要做...
2026-04-05 13:01:23,088 - crawler - INFO - 爬取笔记 18/30: 6935aead0000000019026a3d
2026-04-05 13:01:34,083 - crawler - INFO - 成功获取笔记：🍶与妻酒を飲む...
2026-04-05 13:01:36,097 - crawler - INFO - 爬取笔记 19/30: 696fafef000000000d00be23
2026-04-05 13:01:47,058 - crawler - INFO - 成功获取笔记：厚黑你懂吗...
2026-04-05 13:01:49,080 - crawler - INFO - 爬取笔记 20/30: 699bb01200000000150221c6
2026-04-05 13:02:00,066 - crawler - INFO - 成功获取笔记：今天依旧是少女...
2026-04-05 13:02:02,086 - crawler - INFO - 爬取笔记 21/30: 69c2c033000000001a0221d1
2026-04-05 13:02:16,070 - crawler - INFO - 成功获取笔记：无标题...
2026-04-05 13:02:18,077 - crawler - INFO - 爬取笔记 22/30: 692c5269000000001f00d695
2026-04-05 13:02:29,102 - crawler - INFO - 成功获取笔记：选照片困难的话就都要吧...
2026-04-05 13:02:31,112 - crawler - INFO - 爬取笔记 23/30: 68c0454e000000001c00a045
2026-04-05 13:02:42,112 - crawler - INFO - 成功获取笔记：欧美电视购物 挑鞋...
2026-04-05 13:02:44,134 - crawler - INFO - 爬取笔记 24/30: 69bd6f54000000001a028fd8
2026-04-05 13:02:55,111 - crawler - INFO - 成功获取笔记：今日穿搭推荐词：黑长直...
2026-04-05 13:02:57,133 - crawler - INFO - 爬取笔记 25/30: 69c00ae3000000001a020023
2026-04-05 13:03:08,156 - crawler - INFO - 成功获取笔记：如果天气好的话...
2026-04-05 13:03:10,174 - crawler - INFO - 爬取笔记 26/30: 693fae18000000001f00896f
2026-04-05 13:03:21,165 - crawler - INFO - 成功获取笔记：今年的第一条加绒黑丝...
2026-04-05 13:03:23,184 - crawler - INFO - 爬取笔记 27/30: 69becca6000000001a027b54
2026-04-05 13:03:34,197 - crawler - INFO - 成功获取笔记：丝袜➕包臀裙=斩男？...
2026-04-05 13:03:36,211 - crawler - INFO - 爬取笔记 28/30: 689483a1000000002302e8cb
2026-04-05 13:03:47,171 - crawler - INFO - 成功获取笔记：CJ鹅鸭杀舞台的美女，王诗蒙...
2026-04-05 13:03:49,194 - crawler - INFO - 滚动页面加载更多...
2026-04-05 13:03:51,218 - crawler - INFO - 爬取笔记 29/30: 695f1f1b000000000b0081b1
2026-04-05 13:03:52,253 - crawler - WARNING - 找不到笔记元素：695f1f1b000000000b0081b1
2026-04-05 13:03:52,255 - crawler - INFO - 爬取笔记 29/30: 68d90914000000001301ed65
2026-04-05 13:03:53,285 - crawler - WARNING - 找不到笔记元素：68d90914000000001301ed65
2026-04-05 13:03:53,286 - crawler - INFO - 爬取笔记 29/30: 697239b7000000001a01d94d
2026-04-05 13:03:54,316 - crawler - WARNING - 找不到笔记元素：697239b7000000001a01d94d
2026-04-05 13:03:54,316 - crawler - INFO - 爬取笔记 29/30: 699d38a1000000001a0280de
2026-04-05 13:03:55,345 - crawler - WARNING - 找不到笔记元素：699d38a1000000001a0280de
2026-04-05 13:03:55,345 - crawler - INFO - 爬取笔记 29/30: 69b605f6000000001d018709
2026-04-05 13:03:56,405 - crawler - WARNING - 找不到笔记元素：69b605f6000000001d018709
2026-04-05 13:03:56,405 - crawler - INFO - 爬取笔记 29/30: 69355f46000000001b023d75
2026-04-05 13:03:57,440 - crawler - WARNING - 找不到笔记元素：69355f46000000001b023d75
2026-04-05 13:03:57,442 - crawler - INFO - 爬取笔记 29/30: 69d17fdd0000000023005a28
2026-04-05 13:03:58,467 - crawler - WARNING - 找不到笔记元素：69d17fdd0000000023005a28
2026-04-05 13:03:58,467 - crawler - INFO - 爬取笔记 29/30: 6893230900000000250238f3
2026-04-05 13:03:59,509 - crawler - WARNING - 找不到笔记元素：6893230900000000250238f3
2026-04-05 13:03:59,509 - crawler - INFO - 爬取笔记 29/30: 681381a80000000022004cc5
2026-04-05 13:04:00,538 - crawler - WARNING - 找不到笔记元素：681381a80000000022004cc5
2026-04-05 13:04:00,539 - crawler - INFO - 爬取笔记 29/30: 699d80bb000000001d027714
2026-04-05 13:04:01,569 - crawler - WARNING - 找不到笔记元素：699d80bb000000001d027714
2026-04-05 13:04:01,569 - crawler - INFO - 爬取笔记 29/30: 68a321c6000000001d02a3f8
2026-04-05 13:04:02,605 - crawler - WARNING - 找不到笔记元素：68a321c6000000001d02a3f8
2026-04-05 13:04:02,605 - crawler - INFO - 爬取笔记 29/30: 6932455a000000001e014417
2026-04-05 13:04:03,644 - crawler - WARNING - 找不到笔记元素：6932455a000000001e014417
2026-04-05 13:04:03,644 - crawler - INFO - 爬取笔记 29/30: 69cd08de000000001f003ab0
2026-04-05 13:04:04,671 - crawler - WARNING - 找不到笔记元素：69cd08de000000001f003ab0
2026-04-05 13:04:04,672 - crawler - INFO - 爬取笔记 29/30: 6904301e000000000703ac8e
2026-04-05 13:04:05,702 - crawler - WARNING - 找不到笔记元素：6904301e000000000703ac8e
2026-04-05 13:04:05,703 - crawler - INFO - 爬取笔记 29/30: 69457994000000000d03cbc8
2026-04-05 13:04:06,730 - crawler - WARNING - 找不到笔记元素：69457994000000000d03cbc8
2026-04-05 13:04:06,730 - crawler - INFO - 爬取笔记 29/30: 68a86603000000001c0368ac
2026-04-05 13:04:07,756 - crawler - WARNING - 找不到笔记元素：68a86603000000001c0368ac
2026-04-05 13:04:07,756 - crawler - INFO - 爬取笔记 29/30: 692d058b000000001e008b27
2026-04-05 13:04:08,787 - crawler - WARNING - 找不到笔记元素：692d058b000000001e008b27
2026-04-05 13:04:08,787 - crawler - INFO - 爬取笔记 29/30: 687cc6c000000000150210d2
2026-04-05 13:04:09,813 - crawler - WARNING - 找不到笔记元素：687cc6c000000000150210d2
2026-04-05 13:04:09,813 - crawler - INFO - 爬取笔记 29/30: 69cb192b000000001a024c76
2026-04-05 13:04:10,846 - crawler - WARNING - 找不到笔记元素：69cb192b000000001a024c76
2026-04-05 13:04:10,847 - crawler - INFO - 爬取笔记 29/30: 69c02b1d000000001a0317cf
2026-04-05 13:04:11,874 - crawler - WARNING - 找不到笔记元素：69c02b1d000000001a0317cf
2026-04-05 13:04:11,874 - crawler - INFO - 爬取笔记 29/30: 69b817a2000000001a02de0c
2026-04-05 13:04:12,909 - crawler - WARNING - 找不到笔记元素：69b817a2000000001a02de0c
2026-04-05 13:04:12,909 - crawler - INFO - 爬取笔记 29/30: 69b4aa70000000002301ccf6
2026-04-05 13:04:13,937 - crawler - WARNING - 找不到笔记元素：69b4aa70000000002301ccf6
2026-04-05 13:04:13,938 - crawler - INFO - 爬取笔记 29/30: 69638348000000001a02e660
2026-04-05 13:04:14,963 - crawler - WARNING - 找不到笔记元素：69638348000000001a02e660
2026-04-05 13:04:14,963 - crawler - INFO - 爬取笔记 29/30: 69b66f6c000000001a02ffcb
2026-04-05 13:04:15,996 - crawler - WARNING - 找不到笔记元素：69b66f6c000000001a02ffcb
2026-04-05 13:04:15,996 - crawler - INFO - 爬取笔记 29/30: 68fb49420000000004017981
2026-04-05 13:04:17,023 - crawler - WARNING - 找不到笔记元素：68fb49420000000004017981
2026-04-05 13:04:17,023 - crawler - INFO - 爬取笔记 29/30: 691f02d1000000001e024b43
2026-04-05 13:04:18,041 - crawler - WARNING - 找不到笔记元素：691f02d1000000001e024b43
2026-04-05 13:04:18,041 - crawler - INFO - 爬取笔记 29/30: 69ce90890000000022001cfa
2026-04-05 13:04:19,068 - crawler - WARNING - 找不到笔记元素：69ce90890000000022001cfa
2026-04-05 13:04:19,068 - crawler - INFO - 爬取笔记 29/30: 69c4a083000000001f001195
2026-04-05 13:04:20,099 - crawler - WARNING - 找不到笔记元素：69c4a083000000001f001195
2026-04-05 13:04:20,099 - crawler - INFO - 滚动页面加载更多...
2026-04-05 13:04:22,120 - crawler - INFO - 爬取笔记 29/30: 69c64bf80000000023027ddf
2026-04-05 13:04:23,151 - crawler - WARNING - 找不到笔记元素：69c64bf80000000023027ddf
2026-04-05 13:04:23,151 - crawler - INFO - 爬取笔记 29/30: 69d078d7000000001a0329fa
2026-04-05 13:04:24,176 - crawler - WARNING - 找不到笔记元素：69d078d7000000001a0329fa
2026-04-05 13:04:24,176 - crawler - INFO - 爬取笔记 29/30: 69b55665000000002103a62e
2026-04-05 13:04:25,207 - crawler - WARNING - 找不到笔记元素：69b55665000000002103a62e
2026-04-05 13:04:25,207 - crawler - INFO - 滚动页面加载更多...
2026-04-05 13:04:27,232 - crawler - INFO - 滚动页面加载更多...
2026-04-05 13:04:29,255 - crawler - INFO - 滚动页面加载更多...
2026-04-05 13:04:31,278 - crawler - INFO - 滚动页面加载更多...
2026-04-05 13:04:33,300 - crawler - INFO - 爬取笔记 29/30: 69b3f39c000000001f005849
2026-04-05 13:04:34,334 - crawler - WARNING - 找不到笔记元素：69b3f39c000000001f005849
2026-04-05 13:04:34,334 - crawler - INFO - 爬取笔记 29/30: 68120b0a0000000022028729
2026-04-05 13:04:35,360 - crawler - WARNING - 找不到笔记元素：68120b0a0000000022028729
2026-04-05 13:04:35,361 - crawler - INFO - 爬取笔记 29/30: 68723667000000000b02c3ee
2026-04-05 13:04:36,412 - crawler - WARNING - 找不到笔记元素：68723667000000000b02c3ee
2026-04-05 13:04:36,413 - crawler - INFO - 爬取笔记 29/30: 69ba163500000000210114ff
2026-04-05 13:04:37,443 - crawler - WARNING - 找不到笔记元素：69ba163500000000210114ff
2026-04-05 13:04:37,444 - crawler - INFO - 爬取笔记 29/30: 69bd044500000000230060fe
2026-04-05 13:04:38,487 - crawler - WARNING - 找不到笔记元素：69bd044500000000230060fe
2026-04-05 13:04:38,488 - crawler - INFO - 爬取笔记 29/30: 6829f858000000002202e5bd
2026-04-05 13:04:39,525 - crawler - WARNING - 找不到笔记元素：6829f858000000002202e5bd
2026-04-05 13:04:39,525 - crawler - INFO - 爬取笔记 29/30: 691ba7d400000000070323cf
2026-04-05 13:04:40,553 - crawler - WARNING - 找不到笔记元素：691ba7d400000000070323cf
2026-04-05 13:04:40,554 - crawler - INFO - 爬取笔记 29/30: 68e8db8f000000000402bc20
2026-04-05 13:04:41,585 - crawler - WARNING - 找不到笔记元素：68e8db8f000000000402bc20
2026-04-05 13:04:41,585 - crawler - INFO - 爬取笔记 29/30: 681b3f160000000023013a25
2026-04-05 13:04:42,625 - crawler - WARNING - 找不到笔记元素：681b3f160000000023013a25
2026-04-05 13:04:42,625 - crawler - INFO - 爬取笔记 29/30: 69bec316000000001b022096
2026-04-05 13:04:43,655 - crawler - WARNING - 找不到笔记元素：69bec316000000001b022096
2026-04-05 13:04:43,655 - crawler - INFO - 滚动页面加载更多...
2026-04-05 13:04:45,679 - crawler - INFO - 滚动页面加载更多...
2026-04-05 13:04:47,694 - crawler - INFO - 滚动页面加载更多...
2026-04-05 13:04:49,706 - crawler - INFO - 爬取笔记 29/30: 6831c5bb00000000210187bf
2026-04-05 13:04:50,749 - crawler - WARNING - 找不到笔记元素：6831c5bb00000000210187bf
2026-04-05 13:04:50,750 - crawler - INFO - 爬取笔记 29/30: 687e51850000000024009259
2026-04-05 13:04:51,790 - crawler - WARNING - 找不到笔记元素：687e51850000000024009259
2026-04-05 13:04:51,790 - crawler - INFO - 爬取笔记 29/30: 692a3d62000000001e00b780
2026-04-05 13:04:52,834 - crawler - WARNING - 找不到笔记元素：692a3d62000000001e00b780
2026-04-05 13:04:52,834 - crawler - INFO - 爬取笔记 29/30: 696340680000000021030a7b
2026-04-05 13:04:53,858 - crawler - WARNING - 找不到笔记元素：696340680000000021030a7b
2026-04-05 13:04:53,858 - crawler - INFO - 爬取笔记 29/30: 69242d5a000000001b0303ef
2026-04-05 13:04:54,891 - crawler - WARNING - 找不到笔记元素：69242d5a000000001b0303ef
2026-04-05 13:04:54,891 - crawler - INFO - 爬取笔记 29/30: 69be7d8c0000000021007597
2026-04-05 13:04:55,918 - crawler - WARNING - 找不到笔记元素：69be7d8c0000000021007597
2026-04-05 13:04:55,918 - crawler - INFO - 爬取笔记 29/30: 68d4f9390000000007028d7b
2026-04-05 13:04:56,959 - crawler - WARNING - 找不到笔记元素：68d4f9390000000007028d7b
2026-04-05 13:04:56,959 - crawler - INFO - 爬取笔记 29/30: 69cb8f9d000000002200f592
2026-04-05 13:04:57,989 - crawler - WARNING - 找不到笔记元素：69cb8f9d000000002200f592
2026-04-05 13:04:57,989 - crawler - INFO - 爬取笔记 29/30: 68dc86a30000000004012252
2026-04-05 13:04:59,026 - crawler - WARNING - 找不到笔记元素：68dc86a30000000004012252
2026-04-05 13:04:59,026 - crawler - INFO - 滚动页面加载更多...
2026-04-05 13:05:01,037 - crawler - INFO - 滚动页面加载更多...
2026-04-05 13:05:03,102 - crawler - INFO - 滚动页面加载更多...
2026-04-05 13:05:05,118 - crawler - INFO - 爬取笔记 29/30: 69b74c20000000001a025abb
2026-04-05 13:05:06,146 - crawler - WARNING - 找不到笔记元素：69b74c20000000001a025abb
2026-04-05 13:05:06,146 - crawler - INFO - 滚动页面加载更多...
2026-04-05 13:05:08,163 - crawler - INFO - 滚动页面加载更多...
2026-04-05 13:05:10,177 - crawler - INFO - 滚动页面加载更多...
2026-04-05 13:05:12,196 - crawler - INFO - 滚动页面加载更多...
2026-04-05 13:05:14,219 - crawler - INFO - 爬取笔记 29/30: 697c1b4f000000000a032b06
2026-04-05 13:05:15,238 - crawler - WARNING - 找不到笔记元素：697c1b4f000000000a032b06
2026-04-05 13:05:15,238 - crawler - INFO - 爬取笔记 29/30: 689965c0000000002303a0ab
2026-04-05 13:05:16,267 - crawler - WARNING - 找不到笔记元素：689965c0000000002303a0ab
2026-04-05 13:05:16,267 - crawler - INFO - 爬取笔记 29/30: 68b2db3e000000001b020ecb
2026-04-05 13:05:17,295 - crawler - WARNING - 找不到笔记元素：68b2db3e000000001b020ecb
2026-04-05 13:05:17,296 - crawler - INFO - 爬取笔记 29/30: 68c78181000000001d01cbd4
2026-04-05 13:05:18,336 - crawler - WARNING - 找不到笔记元素：68c78181000000001d01cbd4
2026-04-05 13:05:18,336 - crawler - INFO - 爬取笔记 29/30: 6974a454000000001a01caa3
2026-04-05 13:05:19,369 - crawler - WARNING - 找不到笔记元素：6974a454000000001a01caa3
2026-04-05 13:05:19,369 - crawler - INFO - 爬取笔记 29/30: 69a2fc320000000022038346
2026-04-05 13:05:20,397 - crawler - WARNING - 找不到笔记元素：69a2fc320000000022038346
2026-04-05 13:05:20,398 - crawler - INFO - 爬取笔记 29/30: 688ff04000000000030261f4
2026-04-05 13:05:21,444 - crawler - WARNING - 找不到笔记元素：688ff04000000000030261f4
2026-04-05 13:05:21,445 - crawler - INFO - 爬取笔记 29/30: 68980d06000000002301ac67
2026-04-05 13:05:22,479 - crawler - WARNING - 找不到笔记元素：68980d06000000002301ac67
2026-04-05 13:05:22,480 - crawler - INFO - 爬取笔记 29/30: 69532611000000001d038a5b
2026-04-05 13:05:23,509 - crawler - WARNING - 找不到笔记元素：69532611000000001d038a5b
2026-04-05 13:05:23,509 - crawler - INFO - 爬取笔记 29/30: 6800aa9c000000000f03bbed
2026-04-05 13:05:24,534 - crawler - WARNING - 找不到笔记元素：6800aa9c000000000f03bbed
2026-04-05 13:05:24,534 - crawler - INFO - 滚动页面加载更多...
2026-04-05 13:05:26,547 - crawler - INFO - 滚动页面加载更多...
2026-04-05 13:05:28,571 - crawler - INFO - 滚动页面加载更多...
2026-04-05 13:05:30,585 - crawler - INFO - 滚动页面加载更多...
2026-04-05 13:05:32,600 - crawler - INFO - 滚动页面加载更多...
2026-04-05 13:05:34,613 - crawler - INFO - 爬取笔记 29/30: 682bfb8a0000000012005ab4
2026-04-05 13:05:35,638 - crawler - WARNING - 找不到笔记元素：682bfb8a0000000012005ab4
2026-04-05 13:05:35,638 - crawler - INFO - 爬取笔记 29/30: 695777dd000000001e024a7d
2026-04-05 13:05:36,664 - crawler - WARNING - 找不到笔记元素：695777dd000000001e024a7d
2026-04-05 13:05:36,665 - crawler - INFO - 爬取笔记 29/30: 68ce6d1c000000001201d47a
2026-04-05 13:05:37,696 - crawler - WARNING - 找不到笔记元素：68ce6d1c000000001201d47a
2026-04-05 13:05:37,699 - crawler - INFO - 爬取笔记 29/30: 692c6125000000001e03111d
2026-04-05 13:05:38,735 - crawler - WARNING - 找不到笔记元素：692c6125000000001e03111d
2026-04-05 13:05:38,737 - crawler - INFO - 爬取笔记 29/30: 69a3fc45000000001b0168fa
2026-04-05 13:05:39,762 - crawler - WARNING - 找不到笔记元素：69a3fc45000000001b0168fa
2026-04-05 13:05:39,762 - crawler - INFO - 爬取笔记 29/30: 683195de0000000021008900
2026-04-05 13:05:40,790 - crawler - WARNING - 找不到笔记元素：683195de0000000021008900
2026-04-05 13:05:40,790 - crawler - INFO - 爬取笔记 29/30: 690b55c900000000050024c9
2026-04-05 13:05:41,819 - crawler - WARNING - 找不到笔记元素：690b55c900000000050024c9
2026-04-05 13:05:41,819 - crawler - INFO - 爬取笔记 29/30: 68f0508500000000040038b9
2026-04-05 13:05:42,848 - crawler - WARNING - 找不到笔记元素：68f0508500000000040038b9
2026-04-05 13:05:42,848 - crawler - INFO - 爬取笔记 29/30: 68cea5b70000000013012999
2026-04-05 13:05:43,871 - crawler - WARNING - 找不到笔记元素：68cea5b70000000013012999
2026-04-05 13:05:43,871 - crawler - INFO - 爬取笔记 29/30: 6951e1a9000000002102b7d3
2026-04-05 13:05:44,913 - crawler - WARNING - 找不到笔记元素：6951e1a9000000002102b7d3
2026-04-05 13:05:44,913 - crawler - INFO - 滚动页面加载更多...
2026-04-05 13:05:46,931 - crawler - INFO - 滚动页面加载更多...
2026-04-05 13:05:48,948 - crawler - INFO - 滚动页面加载更多...
2026-04-05 13:05:50,963 - crawler - INFO - 滚动页面加载更多...
2026-04-05 13:05:52,984 - crawler - INFO - 滚动页面加载更多...
2026-04-05 13:05:54,998 - crawler - INFO - 滚动页面加载更多...
2026-04-05 13:05:57,008 - crawler - INFO - 爬取笔记 29/30: 69c9479e000000001a021068
2026-04-05 13:05:58,040 - crawler - WARNING - 找不到笔记元素：69c9479e000000001a021068
2026-04-05 13:05:58,041 - crawler - INFO - 爬取笔记 29/30: 69b26143000000000b0349c7
2026-04-05 13:05:59,067 - crawler - WARNING - 找不到笔记元素：69b26143000000000b0349c7
2026-04-05 13:05:59,067 - crawler - INFO - 爬取笔记 29/30: 696faa25000000000e03e78c
2026-04-05 13:06:00,095 - crawler - WARNING - 找不到笔记元素：696faa25000000000e03e78c
2026-04-05 13:06:00,097 - crawler - INFO - 爬取笔记 29/30: 6869ef67000000002400e5f1
2026-04-05 13:06:01,122 - crawler - WARNING - 找不到笔记元素：6869ef67000000002400e5f1
2026-04-05 13:06:01,122 - crawler - INFO - 爬取笔记 29/30: 696b3cbf000000002202fc45
2026-04-05 13:06:02,154 - crawler - WARNING - 找不到笔记元素：696b3cbf000000002202fc45
2026-04-05 13:06:02,154 - crawler - INFO - 爬取笔记 29/30: 69c11ca9000000002202518f
2026-04-05 13:06:03,178 - crawler - WARNING - 找不到笔记元素：69c11ca9000000002202518f
2026-04-05 13:06:03,179 - crawler - INFO - 爬取笔记 29/30: 6827f0d90000000012000b2e
2026-04-05 13:06:04,204 - crawler - WARNING - 找不到笔记元素：6827f0d90000000012000b2e
2026-04-05 13:06:04,204 - crawler - INFO - 爬取笔记 29/30: 692e44d4000000001b033379
2026-04-05 13:06:05,231 - crawler - WARNING - 找不到笔记元素：692e44d4000000001b033379
2026-04-05 13:06:05,231 - crawler - INFO - 爬取笔记 29/30: 693eb24b000000000d03796a
2026-04-05 13:06:06,261 - crawler - WARNING - 找不到笔记元素：693eb24b000000000d03796a
2026-04-05 13:06:06,261 - crawler - INFO - 爬取笔记 29/30: 69b409690000000028008b7a
2026-04-05 13:06:07,296 - crawler - WARNING - 找不到笔记元素：69b409690000000028008b7a
2026-04-05 13:06:07,296 - crawler - INFO - 爬取笔记 29/30: 69b77a6f00000000230172ea
2026-04-05 13:06:08,321 - crawler - WARNING - 找不到笔记元素：69b77a6f00000000230172ea
2026-04-05 13:06:08,321 - crawler - INFO - 爬取笔记 29/30: 69142ad3000000000703409f
2026-04-05 13:06:09,354 - crawler - WARNING - 找不到笔记元素：69142ad3000000000703409f
2026-04-05 13:06:09,354 - crawler - INFO - 滚动页面加载更多...
2026-04-05 13:06:11,373 - crawler - INFO - 滚动页面加载更多...
2026-04-05 13:06:13,383 - crawler - INFO - 滚动页面加载更多...
2026-04-05 13:06:15,399 - crawler - INFO - 滚动页面加载更多...
2026-04-05 13:06:17,423 - crawler - INFO - 滚动页面加载更多...
2026-04-05 13:06:19,433 - crawler - INFO - 滚动页面加载更多...
2026-04-05 13:06:21,454 - crawler - INFO - 爬取笔记 29/30: 6981d6c7000000002103d73c
2026-04-05 13:06:22,474 - crawler - WARNING - 找不到笔记元素：6981d6c7000000002103d73c
2026-04-05 13:06:22,474 - crawler - INFO - 爬取笔记 29/30: 69c67368000000001b0031c7
2026-04-05 13:06:23,515 - crawler - WARNING - 找不到笔记元素：69c67368000000001b0031c7
2026-04-05 13:06:23,515 - crawler - INFO - 滚动页面加载更多...
2026-04-05 13:06:25,537 - crawler - INFO - 滚动页面加载更多...
2026-04-05 13:06:27,551 - crawler - INFO - 滚动页面加载更多...
2026-04-05 13:06:29,561 - crawler - INFO - 滚动页面加载更多...
2026-04-05 13:06:31,584 - crawler - INFO - 滚动页面加载更多...
2026-04-05 13:06:33,607 - crawler - INFO - 滚动页面加载更多...
2026-04-05 13:06:35,632 - crawler - INFO - 滚动页面加载更多...
2026-04-05 13:06:37,645 - crawler - INFO - 爬取笔记 29/30: 696dcaee0000000022008a20
2026-04-05 13:06:38,677 - crawler - WARNING - 找不到笔记元素：696dcaee0000000022008a20
2026-04-05 13:06:38,677 - crawler - INFO - 爬取笔记 29/30: 695753090000000022038ecd
2026-04-05 13:06:39,716 - crawler - WARNING - 找不到笔记元素：695753090000000022038ecd
2026-04-05 13:06:39,716 - crawler - INFO - 爬取笔记 29/30: 69bbc18f0000000023021b23
2026-04-05 13:06:40,756 - crawler - WARNING - 找不到笔记元素：69bbc18f0000000023021b23
2026-04-05 13:06:40,758 - crawler - INFO - 爬取笔记 29/30: 69bac582000000001a025a45
2026-04-05 13:06:41,787 - crawler - WARNING - 找不到笔记元素：69bac582000000001a025a45
2026-04-05 13:06:41,787 - crawler - INFO - 爬取笔记 29/30: 6811a64c0000000021009dc4
2026-04-05 13:06:42,814 - crawler - WARNING - 找不到笔记元素：6811a64c0000000021009dc4
2026-04-05 13:06:42,814 - crawler - INFO - 爬取笔记 29/30: 69ce34aa000000001a02f2b8
2026-04-05 13:06:43,844 - crawler - WARNING - 找不到笔记元素：69ce34aa000000001a02f2b8
2026-04-05 13:06:43,844 - crawler - INFO - 爬取笔记 29/30: 69be7c7d000000002202865c
2026-04-05 13:06:44,880 - crawler - WARNING - 找不到笔记元素：69be7c7d000000002202865c
2026-04-05 13:06:44,880 - crawler - INFO - 爬取笔记 29/30: 692661fb000000001e032be7
2026-04-05 13:06:45,908 - crawler - WARNING - 找不到笔记元素：692661fb000000001e032be7
2026-04-05 13:06:45,908 - crawler - INFO - 爬取笔记 29/30: 69072f0d000000000700fa50
2026-04-05 13:06:46,940 - crawler - WARNING - 找不到笔记元素：69072f0d000000000700fa50
2026-04-05 13:06:46,940 - crawler - INFO - 爬取笔记 29/30: 68208d810000000022006ca3
2026-04-05 13:06:47,974 - crawler - WARNING - 找不到笔记元素：68208d810000000022006ca3
2026-04-05 13:06:47,974 - crawler - INFO - 爬取笔记 29/30: 691dbe91000000000d00d2be
2026-04-05 13:06:49,008 - crawler - WARNING - 找不到笔记元素：691dbe91000000000d00d2be
2026-04-05 13:06:49,009 - crawler - INFO - 爬取笔记 29/30: 69721aa4000000001a02ae15
2026-04-05 13:06:50,047 - crawler - WARNING - 找不到笔记元素：69721aa4000000001a02ae15
2026-04-05 13:06:50,048 - crawler - INFO - 滚动页面加载更多...
2026-04-05 13:06:52,066 - crawler - INFO - 滚动页面加载更多...
2026-04-05 13:06:54,075 - crawler - INFO - 滚动页面加载更多...
2026-04-05 13:06:56,084 - crawler - INFO - 滚动页面加载更多...
2026-04-05 13:06:58,098 - crawler - INFO - 滚动页面加载更多...
2026-04-05 13:07:00,105 - crawler - INFO - 滚动页面加载更多...
2026-04-05 13:07:02,117 - crawler - INFO - 滚动页面加载更多...
2026-04-05 13:07:04,142 - crawler - INFO - 滚动页面加载更多...
2026-04-05 13:07:06,155 - crawler - INFO - 爬取笔记 29/30: 67fa6576000000001c034ada
2026-04-05 13:07:07,184 - crawler - WARNING - 找不到笔记元素：67fa6576000000001c034ada
2026-04-05 13:07:07,186 - crawler - INFO - 爬取笔记 29/30: 68c29c46000000001d020c91
2026-04-05 13:07:08,220 - crawler - WARNING - 找不到笔记元素：68c29c46000000001d020c91
2026-04-05 13:07:08,221 - crawler - INFO - 爬取笔记 29/30: 69bf57f1000000001b020195
2026-04-05 13:07:09,250 - crawler - WARNING - 找不到笔记元素：69bf57f1000000001b020195
2026-04-05 13:07:09,251 - crawler - INFO - 爬取笔记 29/30: 69c63dec0000000021010c89
2026-04-05 13:07:10,281 - crawler - WARNING - 找不到笔记元素：69c63dec0000000021010c89
2026-04-05 13:07:10,281 - crawler - INFO - 爬取笔记 29/30: 683f3198000000002301e3ef
2026-04-05 13:07:11,318 - crawler - WARNING - 找不到笔记元素：683f3198000000002301e3ef
2026-04-05 13:07:11,319 - crawler - INFO - 爬取笔记 29/30: 6904104c00000000040293fa
2026-04-05 13:07:12,353 - crawler - WARNING - 找不到笔记元素：6904104c00000000040293fa
2026-04-05 13:07:12,354 - crawler - INFO - 爬取笔记 29/30: 685d54b9000000001c036b60
2026-04-05 13:07:13,395 - crawler - WARNING - 找不到笔记元素：685d54b9000000001c036b60
2026-04-05 13:07:13,396 - crawler - INFO - 爬取笔记 29/30: 6964cb60000000001a0375b0
2026-04-05 13:07:14,422 - crawler - WARNING - 找不到笔记元素：6964cb60000000001a0375b0
2026-04-05 13:07:14,423 - crawler - INFO - 爬取笔记 29/30: 69c3335f0000000023012c26
2026-04-05 13:07:15,451 - crawler - WARNING - 找不到笔记元素：69c3335f0000000023012c26
2026-04-05 13:07:15,453 - crawler - INFO - 滚动页面加载更多...
2026-04-05 13:07:17,471 - crawler - INFO - 滚动页面加载更多...
2026-04-05 13:07:19,484 - crawler - INFO - 滚动页面加载更多...
2026-04-05 13:07:21,508 - crawler - INFO - 滚动页面加载更多...
2026-04-05 13:07:23,530 - crawler - INFO - 滚动页面加载更多...
2026-04-05 13:07:25,553 - crawler - INFO - 滚动页面加载更多...
2026-04-05 13:07:27,578 - crawler - INFO - 滚动页面加载更多...
2026-04-05 13:07:29,591 - crawler - INFO - 滚动页面加载更多...
2026-04-05 13:07:31,614 - crawler - INFO - 滚动页面加载更多...
2026-04-05 13:07:33,625 - crawler - INFO - 爬取笔记 29/30: 68fcad38000000000402ad09
2026-04-05 13:07:34,658 - crawler - WARNING - 找不到笔记元素：68fcad38000000000402ad09
2026-04-05 13:07:34,658 - crawler - INFO - 爬取笔记 29/30: 69820a52000000002103f756
2026-04-05 13:07:35,682 - crawler - WARNING - 找不到笔记元素：69820a52000000002103f756
2026-04-05 13:07:35,682 - crawler - INFO - 爬取笔记 29/30: 68b05551000000001d000774
2026-04-05 13:07:36,715 - crawler - WARNING - 找不到笔记元素：68b05551000000001d000774
2026-04-05 13:07:36,715 - crawler - INFO - 爬取笔记 29/30: 6854376d0000000017031322
2026-04-05 13:07:37,754 - crawler - WARNING - 找不到笔记元素：6854376d0000000017031322
2026-04-05 13:07:37,755 - crawler - INFO - 爬取笔记 29/30: 69ab9d06000000002603155c
2026-04-05 13:07:38,785 - crawler - WARNING - 找不到笔记元素：69ab9d06000000002603155c
2026-04-05 13:07:38,787 - crawler - INFO - 爬取笔记 29/30: 690ee13c000000000703257a
2026-04-05 13:07:39,829 - crawler - WARNING - 找不到笔记元素：690ee13c000000000703257a
2026-04-05 13:07:39,829 - crawler - INFO - 爬取笔记 29/30: 69cc828c0000000023022981
2026-04-05 13:07:40,867 - crawler - WARNING - 找不到笔记元素：69cc828c0000000023022981
2026-04-05 13:07:40,868 - crawler - INFO - 爬取笔记 29/30: 69cf2ad7000000002103b3be
2026-04-05 13:07:41,885 - crawler - WARNING - 找不到笔记元素：69cf2ad7000000002103b3be
2026-04-05 13:07:41,887 - crawler - INFO - 爬取笔记 29/30: 68563d35000000000b02dfc3
2026-04-05 13:07:42,910 - crawler - WARNING - 找不到笔记元素：68563d35000000000b02dfc3
2026-04-05 13:07:42,911 - crawler - INFO - 爬取笔记 29/30: 69d05285000000001a0220f4
2026-04-05 13:07:43,943 - crawler - WARNING - 找不到笔记元素：69d05285000000001a0220f4
2026-04-05 13:07:43,944 - crawler - INFO - 爬取笔记 29/30: 69b42181000000001b02166d
2026-04-05 13:07:44,961 - crawler - WARNING - 找不到笔记元素：69b42181000000001b02166d
2026-04-05 13:07:44,961 - crawler - INFO - 爬取笔记 29/30: 69c3ca43000000002200032f
2026-04-05 13:07:45,985 - crawler - WARNING - 找不到笔记元素：69c3ca43000000002200032f
2026-04-05 13:07:45,985 - crawler - INFO - 滚动页面加载更多...
2026-04-05 13:07:48,002 - crawler - INFO - 滚动页面加载更多...
2026-04-05 13:07:50,013 - crawler - INFO - 滚动页面加载更多...
2026-04-05 13:07:52,023 - crawler - INFO - 滚动页面加载更多...
2026-04-05 13:07:54,034 - crawler - INFO - 滚动页面加载更多...
2026-04-05 13:07:56,059 - crawler - INFO - 滚动页面加载更多...
2026-04-05 13:07:58,067 - crawler - INFO - 滚动页面加载更多...
2026-04-05 13:08:00,084 - crawler - INFO - 滚动页面加载更多...
2026-04-05 13:08:02,097 - crawler - INFO - 滚动页面加载更多...
2026-04-05 13:08:04,107 - crawler - INFO - 爬取笔记 29/30: 68b6d855000000001d025f54
2026-04-05 13:08:05,142 - crawler - WARNING - 找不到笔记元素：68b6d855000000001d025f54
2026-04-05 13:08:05,142 - crawler - INFO - 爬取笔记 29/30: 6972217a000000000a02ce90
2026-04-05 13:08:06,180 - crawler - WARNING - 找不到笔记元素：6972217a000000000a02ce90
2026-04-05 13:08:06,180 - crawler - INFO - 爬取笔记 29/30: 69ce6e450000000021038e6c
2026-04-05 13:08:07,197 - crawler - WARNING - 找不到笔记元素：69ce6e450000000021038e6c
2026-04-05 13:08:07,197 - crawler - INFO - 爬取笔记 29/30: 687c56810000000013013e60
2026-04-05 13:08:08,229 - crawler - WARNING - 找不到笔记元素：687c56810000000013013e60
2026-04-05 13:08:08,229 - crawler - INFO - 滚动页面加载更多...
2026-04-05 13:08:10,254 - crawler - INFO - 滚动页面加载更多...
2026-04-05 13:08:12,264 - crawler - INFO - 滚动页面加载更多...
2026-04-05 13:08:14,274 - crawler - INFO - 滚动页面加载更多...
2026-04-05 13:08:16,294 - crawler - INFO - 滚动页面加载更多...
2026-04-05 13:08:18,317 - crawler - INFO - 滚动页面加载更多...
2026-04-05 13:08:20,339 - crawler - INFO - 滚动页面加载更多...
2026-04-05 13:08:22,352 - crawler - INFO - 滚动页面加载更多...
2026-04-05 13:08:24,380 - crawler - INFO - 滚动页面加载更多...
2026-04-05 13:08:26,396 - crawler - INFO - 滚动页面加载更多...
2026-04-05 13:08:28,421 - crawler - INFO - 爬取笔记 29/30: 69cbaf4e000000002003b587
2026-04-05 13:08:29,455 - crawler - WARNING - 找不到笔记元素：69cbaf4e000000002003b587
2026-04-05 13:08:29,455 - crawler - INFO - 爬取笔记 29/30: 69cb9727000000002200e561
2026-04-05 13:08:30,487 - crawler - WARNING - 找不到笔记元素：69cb9727000000002200e561
2026-04-05 13:08:30,487 - crawler - INFO - 爬取笔记 29/30: 68ea1fb6000000000300ec55
2026-04-05 13:08:31,512 - crawler - WARNING - 找不到笔记元素：68ea1fb6000000000300ec55
2026-04-05 13:08:31,513 - crawler - INFO - 爬取笔记 29/30: 68ce57c8000000000e03290e
2026-04-05 13:08:32,554 - crawler - WARNING - 找不到笔记元素：68ce57c8000000000e03290e
2026-04-05 13:08:32,555 - crawler - INFO - 爬取笔记 29/30: 69bf82af00000000210139f1
2026-04-05 13:08:33,587 - crawler - WARNING - 找不到笔记元素：69bf82af00000000210139f1
2026-04-05 13:08:33,590 - crawler - INFO - 爬取笔记 29/30: 68d01524000000001300fff7
2026-04-05 13:08:34,628 - crawler - WARNING - 找不到笔记元素：68d01524000000001300fff7
2026-04-05 13:08:34,628 - crawler - INFO - 爬取笔记 29/30: 695f64b7000000000e03d053
2026-04-05 13:08:35,671 - crawler - WARNING - 找不到笔记元素：695f64b7000000000e03d053
2026-04-05 13:08:35,671 - crawler - INFO - 爬取笔记 29/30: 698df694000000001a030e5c
2026-04-05 13:08:36,717 - crawler - WARNING - 找不到笔记元素：698df694000000001a030e5c
2026-04-05 13:08:36,718 - crawler - INFO - 爬取笔记 29/30: 69bba2c10000000021013ed2
2026-04-05 13:08:37,746 - crawler - WARNING - 找不到笔记元素：69bba2c10000000021013ed2
2026-04-05 13:08:37,746 - crawler - INFO - 爬取笔记 29/30: 69be718d000000001a0321a3
2026-04-05 13:08:38,773 - crawler - WARNING - 找不到笔记元素：69be718d000000001a0321a3
2026-04-05 13:08:38,773 - crawler - INFO - 滚动页面加载更多...
2026-04-05 13:08:40,790 - crawler - INFO - 滚动页面加载更多...
2026-04-05 13:08:42,800 - crawler - INFO - 滚动页面加载更多...
2026-04-05 13:08:44,813 - crawler - INFO - 滚动页面加载更多...
2026-04-05 13:08:46,828 - crawler - INFO - 滚动页面加载更多...
2026-04-05 13:08:48,843 - crawler - INFO - 滚动页面加载更多...
2026-04-05 13:08:50,862 - crawler - INFO - 滚动页面加载更多...
2026-04-05 13:08:52,884 - crawler - INFO - 滚动页面加载更多...
2026-04-05 13:08:54,910 - crawler - INFO - 滚动页面加载更多...
2026-04-05 13:08:56,933 - crawler - INFO - 滚动页面加载更多...
2026-04-05 13:08:58,945 - crawler - INFO - 滚动页面加载更多...
2026-04-05 13:09:00,965 - crawler - INFO - 爬取笔记 29/30: 64fcffc3000000001e00e5f5
2026-04-05 13:09:02,000 - crawler - WARNING - 找不到笔记元素：64fcffc3000000001e00e5f5
2026-04-05 13:09:02,000 - crawler - INFO - 爬取笔记 29/30: 685d0232000000001c03741a
2026-04-05 13:09:03,042 - crawler - WARNING - 找不到笔记元素：685d0232000000001c03741a
2026-04-05 13:09:03,042 - crawler - INFO - 爬取笔记 29/30: 69d0bc51000000001f001d33
2026-04-05 13:09:04,082 - crawler - WARNING - 找不到笔记元素：69d0bc51000000001f001d33
2026-04-05 13:09:04,083 - crawler - INFO - 爬取笔记 29/30: 69ba5eb8000000001a0240cf
2026-04-05 13:09:05,108 - crawler - WARNING - 找不到笔记元素：69ba5eb8000000001a0240cf
2026-04-05 13:09:05,108 - crawler - INFO - 爬取笔记 29/30: 66698c35000000000e0339b6
2026-04-05 13:09:06,144 - crawler - WARNING - 找不到笔记元素：66698c35000000000e0339b6
2026-04-05 13:09:06,144 - crawler - INFO - 爬取笔记 29/30: 69675ccf000000000903989c
2026-04-05 13:09:07,173 - crawler - WARNING - 找不到笔记元素：69675ccf000000000903989c
2026-04-05 13:09:07,173 - crawler - INFO - 爬取笔记 29/30: 66e41375000000000c018794
2026-04-05 13:09:08,214 - crawler - WARNING - 找不到笔记元素：66e41375000000000c018794
2026-04-05 13:09:08,215 - crawler - INFO - 爬取笔记 29/30: 68f6f8d00000000007023354
2026-04-05 13:09:09,252 - crawler - WARNING - 找不到笔记元素：68f6f8d00000000007023354
2026-04-05 13:09:09,252 - crawler - INFO - 爬取笔记 29/30: 6971a88f000000000a03fc9e
2026-04-05 13:09:10,295 - crawler - WARNING - 找不到笔记元素：6971a88f000000000a03fc9e
2026-04-05 13:09:10,295 - crawler - INFO - 爬取笔记 29/30: 68b55fef000000001d024307
2026-04-05 13:09:11,321 - crawler - WARNING - 找不到笔记元素：68b55fef000000001d024307
2026-04-05 13:09:11,322 - crawler - INFO - 爬取笔记 29/30: 68f2c6ae000000000300fda8
2026-04-05 13:09:12,358 - crawler - WARNING - 找不到笔记元素：68f2c6ae000000000300fda8
2026-04-05 13:09:12,361 - crawler - INFO - 爬取笔记 29/30: 68132c9300000000230157bd
2026-04-05 13:09:13,405 - crawler - WARNING - 找不到笔记元素：68132c9300000000230157bd
2026-04-05 13:09:13,405 - crawler - INFO - 滚动页面加载更多...
2026-04-05 13:09:15,421 - crawler - INFO - 滚动页面加载更多...
2026-04-05 13:09:17,435 - crawler - INFO - 滚动页面加载更多...
2026-04-05 13:09:19,447 - crawler - INFO - 滚动页面加载更多...
2026-04-05 13:09:21,459 - crawler - INFO - 滚动页面加载更多...
2026-04-05 13:09:23,482 - crawler - INFO - 滚动页面加载更多...
2026-04-05 13:09:25,494 - crawler - INFO - 滚动页面加载更多...
2026-04-05 13:09:27,513 - crawler - INFO - 滚动页面加载更多...
2026-04-05 13:09:29,533 - crawler - INFO - 滚动页面加载更多...
2026-04-05 13:09:31,545 - crawler - INFO - 滚动页面加载更多...
2026-04-05 13:09:33,566 - crawler - INFO - 滚动页面加载更多...
2026-04-05 13:09:35,587 - crawler - INFO - 爬取笔记 29/30: 68fb847a000000000700943e
2026-04-05 13:09:36,616 - crawler - WARNING - 找不到笔记元素：68fb847a000000000700943e
2026-04-05 13:09:36,616 - crawler - INFO - 滚动页面加载更多...
2026-04-05 13:09:38,638 - crawler - INFO - 滚动页面加载更多...
2026-04-05 13:09:40,652 - crawler - INFO - 滚动页面加载更多...
2026-04-05 13:09:42,676 - crawler - INFO - 滚动页面加载更多...
2026-04-05 13:09:44,697 - crawler - INFO - 滚动页面加载更多...
2026-04-05 13:09:46,711 - crawler - INFO - 滚动页面加载更多...
2026-04-05 13:09:48,722 - crawler - INFO - 滚动页面加载更多...
2026-04-05 13:09:50,730 - crawler - INFO - 滚动页面加载更多...
2026-04-05 13:09:52,739 - crawler - INFO - 滚动页面加载更多...
2026-04-05 13:09:54,761 - crawler - INFO - 滚动页面加载更多...
2026-04-05 13:09:56,779 - crawler - INFO - 滚动页面加载更多...
2026-04-05 13:09:58,802 - crawler - INFO - 滚动页面加载更多...
2026-04-05 13:10:00,826 - crawler - INFO - 爬取笔记 29/30: 69831fe6000000001a01f1c8
2026-04-05 13:10:01,863 - crawler - WARNING - 找不到笔记元素：69831fe6000000001a01f1c8
2026-04-05 13:10:01,863 - crawler - INFO - 爬取笔记 29/30: 669fa163000000000d00fbac
2026-04-05 13:10:02,902 - crawler - WARNING - 找不到笔记元素：669fa163000000000d00fbac
2026-04-05 13:10:02,903 - crawler - INFO - 爬取笔记 29/30: 6973809c000000002800b698
2026-04-05 13:10:03,940 - crawler - WARNING - 找不到笔记元素：6973809c000000002800b698
2026-04-05 13:10:03,941 - crawler - INFO - 爬取笔记 29/30: 68c8e53f000000001301d21e
2026-04-05 13:10:04,971 - crawler - WARNING - 找不到笔记元素：68c8e53f000000001301d21e
2026-04-05 13:10:04,972 - crawler - INFO - 爬取笔记 29/30: 69cf0680000000002102fe03
2026-04-05 13:10:06,015 - crawler - WARNING - 找不到笔记元素：69cf0680000000002102fe03
2026-04-05 13:10:06,015 - crawler - INFO - 爬取笔记 29/30: 68e20ec70000000003023efe
2026-04-05 13:10:07,042 - crawler - WARNING - 找不到笔记元素：68e20ec70000000003023efe
2026-04-05 13:10:07,042 - crawler - INFO - 爬取笔记 29/30: 692d0504000000001b026167
2026-04-05 13:10:08,072 - crawler - WARNING - 找不到笔记元素：692d0504000000001b026167
2026-04-05 13:10:08,072 - crawler - INFO - 爬取笔记 29/30: 60a3a5de0000000001027bc0
2026-04-05 13:10:09,104 - crawler - WARNING - 找不到笔记元素：60a3a5de0000000001027bc0
2026-04-05 13:10:09,104 - crawler - INFO - 爬取笔记 29/30: 69aada5b000000001600adef
2026-04-05 13:10:10,133 - crawler - WARNING - 找不到笔记元素：69aada5b000000001600adef
2026-04-05 13:10:10,133 - crawler - INFO - 爬取笔记 29/30: 67a4384400000000180092a0
2026-04-05 13:10:11,164 - crawler - WARNING - 找不到笔记元素：67a4384400000000180092a0
2026-04-05 13:10:11,164 - crawler - INFO - 滚动页面加载更多...
2026-04-05 13:10:13,186 - crawler - INFO - 滚动页面加载更多...
2026-04-05 13:10:15,197 - crawler - INFO - 滚动页面加载更多...
2026-04-05 13:10:17,224 - crawler - INFO - 滚动页面加载更多...
2026-04-05 13:10:19,246 - crawler - INFO - 滚动页面加载更多...
2026-04-05 13:10:21,259 - crawler - INFO - 滚动页面加载更多...
2026-04-05 13:10:23,285 - crawler - INFO - 滚动页面加载更多...
2026-04-05 13:14:12,556 - crawler - INFO - 开始爬取，关键词：黑丝, 数量：30
2026-04-05 13:14:13,471 - crawler - INFO - 访问搜索页面：https://www.xiaohongshu.com/search_result?keyword=黑丝&source=web_explore_feed
2026-04-05 13:14:19,687 - crawler - INFO - 提取初始笔记列表...
2026-04-05 13:14:19,698 - crawler - INFO - 初始页面找到 28 篇笔记
2026-04-05 13:14:19,999 - crawler - ERROR - 爬取失败：'set' object has no attribute 'count'
2026-04-05 13:14:20,000 - crawler - ERROR - Traceback (most recent call last):
  File "E:\Yan.doument2\programming exercises\python\小红书爆款脚本\crawler.py", line 446, in crawl
    if failed_ids.count(card['id']) >= 3:
       ^^^^^^^^^^^^^^^^
AttributeError: 'set' object has no attribute 'count'

2026-04-05 13:14:35,573 - crawler - INFO - 开始爬取，关键词：黑丝, 数量：30
2026-04-05 13:14:36,456 - crawler - INFO - 访问搜索页面：https://www.xiaohongshu.com/search_result?keyword=黑丝&source=web_explore_feed
2026-04-05 13:14:42,648 - crawler - INFO - 提取初始笔记列表...
2026-04-05 13:14:42,664 - crawler - INFO - 初始页面找到 28 篇笔记
2026-04-05 13:14:43,013 - crawler - ERROR - 爬取失败：'set' object has no attribute 'count'
2026-04-05 13:14:43,014 - crawler - ERROR - Traceback (most recent call last):
  File "E:\Yan.doument2\programming exercises\python\小红书爆款脚本\crawler.py", line 446, in crawl
    if failed_ids.count(card['id']) >= 3:
       ^^^^^^^^^^^^^^^^
AttributeError: 'set' object has no attribute 'count'

2026-04-05 13:17:47,030 - crawler - INFO - 开始爬取，关键词：黑丝, 数量：30
2026-04-05 13:17:47,878 - crawler - INFO - 访问搜索页面：https://www.xiaohongshu.com/search_result?keyword=黑丝&source=web_explore_feed
2026-04-05 13:17:54,088 - crawler - INFO - 提取初始笔记列表...
2026-04-05 13:17:54,099 - crawler - INFO - 初始页面找到 28 篇笔记
2026-04-05 13:17:54,099 - crawler - INFO - 爬取笔记 1/30: 69b23ef9000000002603f71d
2026-04-05 13:18:05,188 - crawler - INFO - 成功获取笔记：浪莎才是御姐穿搭精髓... | 点赞：18
2026-04-05 13:18:07,207 - crawler - INFO - 爬取笔记 2/30: 69380d08000000001e0391f3
2026-04-05 13:18:18,181 - crawler - INFO - 成功获取笔记：漂亮的医生姐姐我又来啦~... | 点赞：0
2026-04-05 13:18:20,190 - crawler - INFO - 爬取笔记 3/30: 6971ef60000000001a037e90
2026-04-05 13:18:31,307 - crawler - INFO - 成功获取笔记：属于我们女人的黑丝在哪里... | 点赞：7
2026-04-05 13:18:33,326 - crawler - INFO - 爬取笔记 4/30: 69a2a520000000001d01051c
2026-04-05 13:18:44,364 - crawler - INFO - 成功获取笔记：这条高级感马油袜让我直接焊在腿上... | 点赞：0
2026-04-05 13:18:46,382 - crawler - INFO - 爬取笔记 5/30: 6905b112000000000401087e
2026-04-05 13:18:57,387 - crawler - INFO - 成功获取笔记：有时候爱情比金钱更重要！... | 点赞：1
2026-04-05 13:18:59,398 - crawler - INFO - 爬取笔记 6/30: 69a514a8000000002202da25
2026-04-05 13:19:10,430 - crawler - INFO - 成功获取笔记：御姐穿搭... | 点赞：2
2026-04-05 13:19:12,450 - crawler - INFO - 爬取笔记 7/30: 69ad2dde000000000d00ba2e
2026-04-05 13:19:20,364 - crawler - ERROR - 爬取笔记 69ad2dde000000000d00ba2e 失败：Locator.click: Target page, context or browser has been closed
Call log:
  - waiting for locator("a[href*=\"/search_result/69ad2dde000000000d00ba2e\"]").first
    - locator resolved to <a target="_self" data-v-0a8ea4b9="" class="cover mask ld" href="/search_result/69ad2dde000000000d00ba2e?xsec_token=ABJ58aY_eHdX_0Rte3WJ55xMsUp93KFvrhZfClE2pT0kM=&xsec_source=pc_search">…</a>
  - attempting click action
    2 × waiting for element to be visible, enabled and stable
      - element is visible, enabled and stable
      - scrolling into view if needed
      - done scrolling
      - <div data-v-4ed7d7c6="" data-v-1a1001f4="" class="note-detail-mask" note-id="69b23ef9000000002603f71d">…</div> intercepts pointer events
    - retrying click action
    - waiting 20ms
    2 × waiting for element to be visible, enabled and stable
      - element is visible, enabled and stable
      - scrolling into view if needed
      - done scrolling
      - <div data-v-4ed7d7c6="" data-v-1a1001f4="" class="note-detail-mask" note-id="69b23ef9000000002603f71d">…</div> intercepts pointer events
    - retrying click action
      - waiting 100ms
    12 × waiting for element to be visible, enabled and stable
       - element is visible, enabled and stable
       - scrolling into view if needed
       - done scrolling
       - <div data-v-4ed7d7c6="" data-v-1a1001f4="" class="note-detail-mask" note-id="69b23ef9000000002603f71d">…</div> intercepts pointer events
     - retrying click action
       - waiting 500ms

2026-04-05 13:19:20,366 - crawler - INFO - 爬取笔记 7/30: 671c65da0000000021006aef
2026-04-05 13:19:20,378 - crawler - ERROR - 爬取笔记 671c65da0000000021006aef 失败：Page.evaluate: Target page, context or browser has been closed
2026-04-05 13:19:20,380 - crawler - INFO - 爬取笔记 7/30: 6918a9b80000000004007d5b
2026-04-05 13:19:20,383 - crawler - ERROR - 爬取笔记 6918a9b80000000004007d5b 失败：Page.evaluate: Target page, context or browser has been closed
2026-04-05 13:19:20,386 - crawler - INFO - 爬取笔记 7/30: 6872392d000000002201e0ea
2026-04-05 13:19:20,389 - crawler - ERROR - 爬取笔记 6872392d000000002201e0ea 失败：Page.evaluate: Target page, context or browser has been closed
2026-04-05 13:19:20,391 - crawler - INFO - 爬取笔记 7/30: 695d5962000000001a02b7ed
2026-04-05 13:19:20,393 - crawler - ERROR - 爬取笔记 695d5962000000001a02b7ed 失败：Page.evaluate: Target page, context or browser has been closed
2026-04-05 13:19:20,395 - crawler - INFO - 爬取笔记 7/30: 6935aead0000000019026a3d
2026-04-05 13:19:20,397 - crawler - ERROR - 爬取笔记 6935aead0000000019026a3d 失败：Page.evaluate: Target page, context or browser has been closed
2026-04-05 13:19:20,400 - crawler - INFO - 爬取笔记 7/30: 69a2c4b7000000001a02c79b
2026-04-05 13:19:20,401 - crawler - ERROR - 爬取笔记 69a2c4b7000000001a02c79b 失败：Page.evaluate: Target page, context or browser has been closed
2026-04-05 13:19:20,403 - crawler - INFO - 爬取笔记 7/30: 6913fa7600000000050138f1
2026-04-05 13:19:20,404 - crawler - ERROR - 爬取笔记 6913fa7600000000050138f1 失败：Page.evaluate: Target page, context or browser has been closed
2026-04-05 13:19:20,406 - crawler - INFO - 爬取笔记 7/30: 692e65bd000000001e038de9
2026-04-05 13:19:20,407 - crawler - ERROR - 爬取笔记 692e65bd000000001e038de9 失败：Page.evaluate: Target page, context or browser has been closed
2026-04-05 13:19:20,409 - crawler - INFO - 爬取笔记 7/30: 6959cb7b000000001e00fb9b
2026-04-05 13:19:20,410 - crawler - ERROR - 爬取笔记 6959cb7b000000001e00fb9b 失败：Page.evaluate: Target page, context or browser has been closed
2026-04-05 13:19:20,412 - crawler - INFO - 爬取笔记 7/30: 681381a80000000022004cc5
2026-04-05 13:19:20,416 - crawler - ERROR - 爬取笔记 681381a80000000022004cc5 失败：Page.evaluate: Target page, context or browser has been closed
2026-04-05 13:19:20,417 - crawler - INFO - 爬取笔记 7/30: 68c0454e000000001c00a045
2026-04-05 13:19:20,419 - crawler - ERROR - 爬取笔记 68c0454e000000001c00a045 失败：Page.evaluate: Target page, context or browser has been closed
2026-04-05 13:19:20,421 - crawler - INFO - 爬取笔记 7/30: 696fafef000000000d00be23
2026-04-05 13:19:20,423 - crawler - ERROR - 爬取笔记 696fafef000000000d00be23 失败：Page.evaluate: Target page, context or browser has been closed
2026-04-05 13:19:20,425 - crawler - INFO - 爬取笔记 7/30: 69bd6f54000000001a028fd8
2026-04-05 13:19:20,427 - crawler - ERROR - 爬取笔记 69bd6f54000000001a028fd8 失败：Page.evaluate: Target page, context or browser has been closed
2026-04-05 13:19:20,428 - crawler - INFO - 爬取笔记 7/30: 695273d80000000022021593
2026-04-05 13:19:20,434 - crawler - ERROR - 爬取笔记 695273d80000000022021593 失败：Page.evaluate: Target page, context or browser has been closed
2026-04-05 13:19:20,435 - crawler - INFO - 爬取笔记 7/30: 699bb01200000000150221c6
2026-04-05 13:19:20,437 - crawler - ERROR - 爬取笔记 699bb01200000000150221c6 失败：Page.evaluate: Target page, context or browser has been closed
2026-04-05 13:19:20,438 - crawler - INFO - 爬取笔记 7/30: 6930e9c5000000001e037d81
2026-04-05 13:19:20,440 - crawler - ERROR - 爬取笔记 6930e9c5000000001e037d81 失败：Page.evaluate: Target page, context or browser has been closed
2026-04-05 13:19:20,441 - crawler - INFO - 爬取笔记 7/30: 693fae18000000001f00896f
2026-04-05 13:19:20,443 - crawler - ERROR - 爬取笔记 693fae18000000001f00896f 失败：Page.evaluate: Target page, context or browser has been closed
2026-04-05 13:19:20,444 - crawler - INFO - 爬取笔记 7/30: 69c2c033000000001a0221d1
2026-04-05 13:19:20,445 - crawler - ERROR - 爬取笔记 69c2c033000000001a0221d1 失败：Page.evaluate: Target page, context or browser has been closed
2026-04-05 13:19:20,447 - crawler - INFO - 爬取笔记 7/30: 69becca6000000001a027b54
2026-04-05 13:19:20,448 - crawler - ERROR - 爬取笔记 69becca6000000001a027b54 失败：Page.evaluate: Target page, context or browser has been closed
2026-04-05 13:19:20,450 - crawler - INFO - 爬取笔记 7/30: 69b605f6000000001d018709
2026-04-05 13:19:20,451 - crawler - ERROR - 爬取笔记 69b605f6000000001d018709 失败：Page.evaluate: Target page, context or browser has been closed
2026-04-05 13:19:20,452 - crawler - INFO - 爬取笔记 7/30: 69c64bf80000000023027ddf
2026-04-05 13:19:20,457 - crawler - ERROR - 爬取笔记 69c64bf80000000023027ddf 失败：Page.evaluate: Target page, context or browser has been closed
2026-04-05 13:19:20,458 - crawler - INFO - 滚动页面加载更多...
2026-04-05 13:19:20,839 - crawler - ERROR - 爬取失败：Page.evaluate: Target page, context or browser has been closed
2026-04-05 13:19:20,840 - crawler - ERROR - Traceback (most recent call last):
  File "E:\Yan.doument2\programming exercises\python\小红书爆款脚本\crawler.py", line 510, in crawl
    page.evaluate("window.scrollBy(0, 1000)")
  File "C:\Yan.All\Anaconda\Lib\site-packages\playwright\sync_api\_generated.py", line 8566, in evaluate
    self._sync(
  File "C:\Yan.All\Anaconda\Lib\site-packages\playwright\_impl\_sync_base.py", line 115, in _sync
    return task.result()
           ^^^^^^^^^^^^^
  File "C:\Yan.All\Anaconda\Lib\site-packages\playwright\_impl\_page.py", line 464, in evaluate
    return await self._main_frame.evaluate(expression, arg)
           ^^^^^^^^^^^^^^^^^^^^^^^^^^^^^^^^^^^^^^^^^^^^^^^^
  File "C:\Yan.All\Anaconda\Lib\site-packages\playwright\_impl\_frame.py", line 320, in evaluate
    await self._channel.send(
  File "C:\Yan.All\Anaconda\Lib\site-packages\playwright\_impl\_connection.py", line 69, in send
    return await self._connection.wrap_api_call(
           ^^^^^^^^^^^^^^^^^^^^^^^^^^^^^^^^^^^^^
  File "C:\Yan.All\Anaconda\Lib\site-packages\playwright\_impl\_connection.py", line 559, in wrap_api_call
    raise rewrite_error(error, f"{parsed_st['apiName']}: {error}") from None
playwright._impl._errors.TargetClosedError: Page.evaluate: Target page, context or browser has been closed

2026-04-05 13:27:09,989 - crawler - INFO - 开始爬取，关键词：黑丝, 数量：30
2026-04-05 13:27:10,805 - crawler - INFO - 访问搜索页面：https://www.xiaohongshu.com/search_result?keyword=黑丝&source=web_explore_feed
2026-04-05 13:27:16,993 - crawler - INFO - 提取初始笔记列表...
2026-04-05 13:27:16,998 - crawler - INFO - 初始页面找到 28 篇笔记
2026-04-05 13:27:16,999 - crawler - INFO - 爬取笔记 1/30: 69b23ef9000000002603f71d
2026-04-05 13:27:29,100 - crawler - INFO - 成功获取笔记：浪莎才是御姐穿搭精髓... | 点赞：1
2026-04-05 13:27:31,124 - crawler - INFO - 爬取笔记 2/30: 69a2a520000000001d01051c
2026-04-05 13:27:43,164 - crawler - INFO - 成功获取笔记：这条高级感马油袜让我直接焊在腿上... | 点赞：159
2026-04-05 13:27:45,186 - crawler - INFO - 爬取笔记 3/30: 69380d08000000001e0391f3
2026-04-05 13:27:57,194 - crawler - INFO - 成功获取笔记：漂亮的医生姐姐我又来啦~... | 点赞：81
2026-04-05 13:27:59,223 - crawler - INFO - 爬取笔记 4/30: 6971ef60000000001a037e90
2026-04-05 13:28:11,263 - crawler - INFO - 成功获取笔记：属于我们女人的黑丝在哪里... | 点赞：896
2026-04-05 13:28:13,273 - crawler - INFO - 爬取笔记 5/30: 6905b112000000000401087e
2026-04-05 13:28:25,283 - crawler - INFO - 成功获取笔记：有时候爱情比金钱更重要！... | 点赞：118
2026-04-05 13:28:27,296 - crawler - INFO - 爬取笔记 6/30: 69a514a8000000002202da25
2026-04-05 13:28:39,335 - crawler - INFO - 成功获取笔记：御姐穿搭... | 点赞：1339
2026-04-05 13:28:41,354 - crawler - INFO - 爬取笔记 7/30: 695d5962000000001a02b7ed
2026-04-05 13:28:53,417 - crawler - INFO - 成功获取笔记：御是一种感觉 ｡𖦹°‧... | 点赞：1405
2026-04-05 13:28:55,433 - crawler - INFO - 爬取笔记 8/30: 671c65da0000000021006aef
2026-04-05 13:29:07,473 - crawler - INFO - 成功获取笔记：舍友吐槽：不就是见男友至于买这么多黑丝吗... | 点赞：363
2026-04-05 13:29:09,495 - crawler - INFO - 爬取笔记 9/30: 6918a9b80000000004007d5b
2026-04-05 13:29:24,500 - crawler - INFO - 成功获取笔记：无标题... | 点赞：110
2026-04-05 13:29:26,509 - crawler - INFO - 爬取笔记 10/30: 69becca6000000001a027b54
2026-04-05 13:29:38,561 - crawler - INFO - 成功获取笔记：丝袜➕包臀裙=斩男？... | 点赞：341
2026-04-05 13:29:40,575 - crawler - INFO - 爬取笔记 11/30: 6913fa7600000000050138f1
2026-04-05 13:29:52,588 - crawler - INFO - 成功获取笔记：我就是你的解药⋆⁺₊✧ 🖤ྀིྀི... | 点赞：1
2026-04-05 13:29:54,603 - crawler - INFO - 爬取笔记 12/30: 69ad2dde000000000d00ba2e
2026-04-05 13:30:09,580 - crawler - INFO - 成功获取笔记：无标题... | 点赞：31
2026-04-05 13:30:11,604 - crawler - INFO - 爬取笔记 13/30: 693154d9000000001b026967
2026-04-05 13:30:23,604 - crawler - INFO - 成功获取笔记：“拥有 绝对的错觉”... | 点赞：4887
2026-04-05 13:30:25,615 - crawler - INFO - 爬取笔记 14/30: 6872392d000000002201e0ea
2026-04-05 13:30:37,622 - crawler - INFO - 成功获取笔记：俗日困我... | 点赞：1959
2026-04-05 13:30:39,633 - crawler - INFO - 爬取笔记 15/30: 69a2c4b7000000001a02c79b
2026-04-05 13:30:51,633 - crawler - INFO - 成功获取笔记：报告！本严肃跑者今日有氧9公里... | 点赞：1
2026-04-05 13:30:53,653 - crawler - INFO - 爬取笔记 16/30: 6935aead0000000019026a3d
2026-04-05 13:31:05,694 - crawler - INFO - 成功获取笔记：🍶与妻酒を飲む... | 点赞：508
2026-04-05 13:31:07,714 - crawler - INFO - 爬取笔记 17/30: 6959cb7b000000001e00fb9b
2026-04-05 13:31:19,742 - crawler - INFO - 成功获取笔记：🖤... | 点赞：3811
2026-04-05 13:31:21,758 - crawler - INFO - 爬取笔记 18/30: 68c0454e000000001c00a045
2026-04-05 13:31:33,770 - crawler - INFO - 成功获取笔记：欧美电视购物 挑鞋... | 点赞：4861
2026-04-05 13:31:35,780 - crawler - INFO - 爬取笔记 19/30: 69bd6f54000000001a028fd8
2026-04-05 13:31:47,786 - crawler - INFO - 成功获取笔记：今日穿搭推荐词：黑长直... | 点赞：330
2026-04-05 13:31:49,796 - crawler - INFO - 爬取笔记 20/30: 692e65bd000000001e038de9
2026-04-05 13:32:01,826 - crawler - INFO - 成功获取笔记：不懂厚黑的有难了... | 点赞：939
2026-04-05 13:32:03,847 - crawler - INFO - 爬取笔记 21/30: 6930e9c5000000001e037d81
2026-04-05 13:32:15,845 - crawler - INFO - 成功获取笔记：围着我转就好了 你哪有那么多自己的事要做... | 点赞：1678
2026-04-05 13:32:17,867 - crawler - INFO - 爬取笔记 22/30: 696fafef000000000d00be23
2026-04-05 13:32:29,877 - crawler - INFO - 成功获取笔记：厚黑你懂吗... | 点赞：1169
2026-04-05 13:32:31,890 - crawler - INFO - 爬取笔记 23/30: 681381a80000000022004cc5
2026-04-05 13:32:46,927 - crawler - INFO - 成功获取笔记：无标题... | 点赞：430
2026-04-05 13:32:48,949 - crawler - INFO - 爬取笔记 24/30: 69d078d7000000001a0329fa
2026-04-05 13:33:06,958 - crawler - WARNING - 无法获取笔记详情：69d078d7000000001a0329fa
2026-04-05 13:33:08,980 - crawler - INFO - 爬取笔记 24/30: 6924415e000000000d034a90
2026-04-05 13:33:10,032 - crawler - WARNING - 找不到笔记元素：6924415e000000000d034a90
2026-04-05 13:33:10,032 - crawler - INFO - 爬取笔记 24/30: 69c2c033000000001a0221d1
2026-04-05 13:33:11,079 - crawler - WARNING - 找不到笔记元素：69c2c033000000001a0221d1
2026-04-05 13:33:11,080 - crawler - INFO - 爬取笔记 24/30: 69cd08de000000001f003ab0
2026-04-05 13:33:12,120 - crawler - WARNING - 找不到笔记元素：69cd08de000000001f003ab0
2026-04-05 13:33:12,120 - crawler - INFO - 爬取笔记 24/30: 693fae18000000001f00896f
2026-04-05 13:33:13,152 - crawler - WARNING - 找不到笔记元素：693fae18000000001f00896f
2026-04-05 13:33:13,152 - crawler - INFO - 滚动页面加载更多...
2026-04-05 13:33:13,853 - crawler - ERROR - 爬取失败：Page.wait_for_timeout: Target page, context or browser has been closed
2026-04-05 13:33:13,854 - crawler - ERROR - Traceback (most recent call last):
  File "E:\Yan.doument2\programming exercises\python\小红书爆款脚本\crawler.py", line 531, in crawl
    page.wait_for_timeout(2000)
  File "C:\Yan.All\Anaconda\Lib\site-packages\playwright\sync_api\_generated.py", line 11536, in wait_for_timeout
    self._sync(self._impl_obj.wait_for_timeout(timeout=timeout))
  File "C:\Yan.All\Anaconda\Lib\site-packages\playwright\_impl\_sync_base.py", line 115, in _sync
    return task.result()
           ^^^^^^^^^^^^^
  File "C:\Yan.All\Anaconda\Lib\site-packages\playwright\_impl\_page.py", line 1101, in wait_for_timeout
    await self._main_frame.wait_for_timeout(timeout)
  File "C:\Yan.All\Anaconda\Lib\site-packages\playwright\_impl\_frame.py", line 862, in wait_for_timeout
    await self._channel.send("waitForTimeout", None, {"waitTimeout": timeout})
  File "C:\Yan.All\Anaconda\Lib\site-packages\playwright\_impl\_connection.py", line 69, in send
    return await self._connection.wrap_api_call(
           ^^^^^^^^^^^^^^^^^^^^^^^^^^^^^^^^^^^^^
  File "C:\Yan.All\Anaconda\Lib\site-packages\playwright\_impl\_connection.py", line 559, in wrap_api_call
    raise rewrite_error(error, f"{parsed_st['apiName']}: {error}") from None
playwright._impl._errors.TargetClosedError: Page.wait_for_timeout: Target page, context or browser has been closed

2026-04-05 13:37:06,990 - crawler - INFO - 开始爬取，关键词：黑丝, 数量：30
2026-04-05 13:37:07,845 - crawler - INFO - 访问搜索页面：https://www.xiaohongshu.com/search_result?keyword=黑丝&source=web_explore_feed
2026-04-05 13:37:14,017 - crawler - INFO - 提取初始笔记列表...
2026-04-05 13:37:14,023 - crawler - INFO - 初始页面找到 28 篇笔记
2026-04-05 13:37:14,023 - crawler - INFO - 爬取笔记 1/30: 69b23ef9000000002603f71d
2026-04-05 13:37:26,664 - crawler - INFO - 成功获取笔记：浪莎才是御姐穿搭精髓... | 点赞：1
2026-04-05 13:37:28,681 - crawler - INFO - 爬取笔记 2/30: 69380d08000000001e0391f3
2026-04-05 13:37:41,166 - crawler - INFO - 成功获取笔记：漂亮的医生姐姐我又来啦~... | 点赞：81
2026-04-05 13:37:43,187 - crawler - INFO - 爬取笔记 3/30: 6971ef60000000001a037e90
2026-04-05 13:37:55,802 - crawler - INFO - 成功获取笔记：属于我们女人的黑丝在哪里... | 点赞：896
2026-04-05 13:37:57,815 - crawler - INFO - 爬取笔记 4/30: 68c78181000000001d01cbd4
2026-04-05 13:38:13,355 - crawler - WARNING - 无法获取笔记详情：68c78181000000001d01cbd4
2026-04-05 13:38:15,380 - crawler - INFO - 爬取笔记 4/30: 6905b112000000000401087e
2026-04-05 13:38:16,420 - crawler - WARNING - 找不到笔记元素：6905b112000000000401087e
2026-04-05 13:38:16,420 - crawler - INFO - 爬取笔记 4/30: 69a514a8000000002202da25
2026-04-05 13:38:17,452 - crawler - WARNING - 找不到笔记元素：69a514a8000000002202da25
2026-04-05 13:38:17,452 - crawler - INFO - 爬取笔记 4/30: 69becca6000000001a027b54
2026-04-05 13:38:18,404 - crawler - ERROR - 爬取笔记 69becca6000000001a027b54 失败：Page.wait_for_timeout: Target page, context or browser has been closed
2026-04-05 13:38:18,406 - crawler - INFO - 爬取笔记 4/30: 671c65da0000000021006aef
2026-04-05 13:38:18,407 - crawler - ERROR - 爬取笔记 671c65da0000000021006aef 失败：Page.evaluate: Target page, context or browser has been closed
2026-04-05 13:38:18,408 - crawler - INFO - 爬取笔记 4/30: 69ad2dde000000000d00ba2e
2026-04-05 13:38:18,410 - crawler - ERROR - 爬取笔记 69ad2dde000000000d00ba2e 失败：Page.evaluate: Target page, context or browser has been closed
2026-04-05 13:38:18,411 - crawler - INFO - 爬取笔记 4/30: 6913fa7600000000050138f1
2026-04-05 13:38:18,413 - crawler - ERROR - 爬取笔记 6913fa7600000000050138f1 失败：Page.evaluate: Target page, context or browser has been closed
2026-04-05 13:38:18,415 - crawler - INFO - 爬取笔记 4/30: 695d5962000000001a02b7ed
2026-04-05 13:38:18,417 - crawler - ERROR - 爬取笔记 695d5962000000001a02b7ed 失败：Page.evaluate: Target page, context or browser has been closed
2026-04-05 13:38:18,418 - crawler - INFO - 爬取笔记 4/30: 6872392d000000002201e0ea
2026-04-05 13:38:18,419 - crawler - ERROR - 爬取笔记 6872392d000000002201e0ea 失败：Page.evaluate: Target page, context or browser has been closed
2026-04-05 13:38:18,420 - crawler - INFO - 爬取笔记 4/30: 6918a9b80000000004007d5b
2026-04-05 13:38:18,422 - crawler - ERROR - 爬取笔记 6918a9b80000000004007d5b 失败：Page.evaluate: Target page, context or browser has been closed
2026-04-05 13:38:18,423 - crawler - INFO - 爬取笔记 4/30: 6880b6070000000022030426
2026-04-05 13:38:18,424 - crawler - ERROR - 爬取笔记 6880b6070000000022030426 失败：Page.evaluate: Target page, context or browser has been closed
2026-04-05 13:38:18,426 - crawler - INFO - 爬取笔记 4/30: 6935aead0000000019026a3d
2026-04-05 13:38:18,427 - crawler - ERROR - 爬取笔记 6935aead0000000019026a3d 失败：Page.evaluate: Target page, context or browser has been closed
2026-04-05 13:38:18,429 - crawler - INFO - 爬取笔记 4/30: 6932455a000000001e014417
2026-04-05 13:38:18,430 - crawler - ERROR - 爬取笔记 6932455a000000001e014417 失败：Page.evaluate: Target page, context or browser has been closed
2026-04-05 13:38:18,432 - crawler - INFO - 爬取笔记 4/30: 681381a80000000022004cc5
2026-04-05 13:38:18,434 - crawler - ERROR - 爬取笔记 681381a80000000022004cc5 失败：Page.evaluate: Target page, context or browser has been closed
2026-04-05 13:38:18,436 - crawler - INFO - 爬取笔记 4/30: 68c0454e000000001c00a045
2026-04-05 13:38:18,438 - crawler - ERROR - 爬取笔记 68c0454e000000001c00a045 失败：Page.evaluate: Target page, context or browser has been closed
2026-04-05 13:38:18,440 - crawler - INFO - 爬取笔记 4/30: 6959cb7b000000001e00fb9b
2026-04-05 13:38:18,442 - crawler - ERROR - 爬取笔记 6959cb7b000000001e00fb9b 失败：Page.evaluate: Target page, context or browser has been closed
2026-04-05 13:38:18,446 - crawler - INFO - 爬取笔记 4/30: 699bb01200000000150221c6
2026-04-05 13:38:18,448 - crawler - ERROR - 爬取笔记 699bb01200000000150221c6 失败：Page.evaluate: Target page, context or browser has been closed
2026-04-05 13:38:18,449 - crawler - INFO - 爬取笔记 4/30: 692e65bd000000001e038de9
2026-04-05 13:38:18,451 - crawler - ERROR - 爬取笔记 692e65bd000000001e038de9 失败：Page.evaluate: Target page, context or browser has been closed
2026-04-05 13:38:18,452 - crawler - INFO - 爬取笔记 4/30: 69a2c4b7000000001a02c79b
2026-04-05 13:38:18,454 - crawler - ERROR - 爬取笔记 69a2c4b7000000001a02c79b 失败：Page.evaluate: Target page, context or browser has been closed
2026-04-05 13:38:18,456 - crawler - INFO - 爬取笔记 4/30: 693154d9000000001b026967
2026-04-05 13:38:18,457 - crawler - ERROR - 爬取笔记 693154d9000000001b026967 失败：Page.evaluate: Target page, context or browser has been closed
2026-04-05 13:38:18,459 - crawler - INFO - 爬取笔记 4/30: 69a2fc320000000022038346
2026-04-05 13:38:18,461 - crawler - ERROR - 爬取笔记 69a2fc320000000022038346 失败：Page.evaluate: Target page, context or browser has been closed
2026-04-05 13:38:18,463 - crawler - INFO - 爬取笔记 4/30: 6930e9c5000000001e037d81
2026-04-05 13:38:18,465 - crawler - ERROR - 爬取笔记 6930e9c5000000001e037d81 失败：Page.evaluate: Target page, context or browser has been closed
2026-04-05 13:38:18,466 - crawler - INFO - 爬取笔记 4/30: 69cb6aea000000001a02e998
2026-04-05 13:38:18,468 - crawler - ERROR - 爬取笔记 69cb6aea000000001a02e998 失败：Page.evaluate: Target page, context or browser has been closed
2026-04-05 13:38:18,470 - crawler - INFO - 爬取笔记 4/30: 69c2c033000000001a0221d1
2026-04-05 13:38:18,472 - crawler - ERROR - 爬取笔记 69c2c033000000001a0221d1 失败：Page.evaluate: Target page, context or browser has been closed
2026-04-05 13:38:18,473 - crawler - INFO - 爬取笔记 4/30: 69bd6f54000000001a028fd8
2026-04-05 13:38:18,474 - crawler - ERROR - 爬取笔记 69bd6f54000000001a028fd8 失败：Page.evaluate: Target page, context or browser has been closed
2026-04-05 13:38:18,476 - crawler - INFO - 滚动页面加载更多...
2026-04-05 13:38:18,831 - crawler - ERROR - 爬取失败：Page.evaluate: Target page, context or browser has been closed
2026-04-05 13:38:18,832 - crawler - ERROR - Traceback (most recent call last):
  File "E:\Yan.doument2\programming exercises\python\小红书爆款脚本\crawler.py", line 535, in crawl
    page.evaluate("window.scrollBy(0, 1000)")
  File "C:\Yan.All\Anaconda\Lib\site-packages\playwright\sync_api\_generated.py", line 8566, in evaluate
    self._sync(
  File "C:\Yan.All\Anaconda\Lib\site-packages\playwright\_impl\_sync_base.py", line 115, in _sync
    return task.result()
           ^^^^^^^^^^^^^
  File "C:\Yan.All\Anaconda\Lib\site-packages\playwright\_impl\_page.py", line 464, in evaluate
    return await self._main_frame.evaluate(expression, arg)
           ^^^^^^^^^^^^^^^^^^^^^^^^^^^^^^^^^^^^^^^^^^^^^^^^
  File "C:\Yan.All\Anaconda\Lib\site-packages\playwright\_impl\_frame.py", line 320, in evaluate
    await self._channel.send(
  File "C:\Yan.All\Anaconda\Lib\site-packages\playwright\_impl\_connection.py", line 69, in send
    return await self._connection.wrap_api_call(
           ^^^^^^^^^^^^^^^^^^^^^^^^^^^^^^^^^^^^^
  File "C:\Yan.All\Anaconda\Lib\site-packages\playwright\_impl\_connection.py", line 559, in wrap_api_call
    raise rewrite_error(error, f"{parsed_st['apiName']}: {error}") from None
playwright._impl._errors.TargetClosedError: Page.evaluate: Target page, context or browser has been closed

